2025-12-19 19:27:44,839 - tensorflow - WARNING - From D:\KHOA_LUAN_TOT_NGHIEP\VISION-MATE\VISION-MATE\venv\Lib\site-packages\tf_keras\src\losses.py:2976: The name tf.losses.sparse_softmax_cross_entropy is deprecated. Please use tf.compat.v1.losses.sparse_softmax_cross_entropy instead.

2025-12-19 19:27:49,264 - __main__ - ERROR - Import face_model failed: name 'threading' is not defined
2025-12-19 19:27:49,290 - __main__ - ERROR - Import rtsp_stream failed: name 'threading' is not defined
2025-12-19 19:27:49,366 - werkzeug - INFO - [31m[1mWARNING: This is a development server. Do not use it in a production deployment. Use a production WSGI server instead.[0m
 * Running on all addresses (0.0.0.0)
 * Running on http://127.0.0.1:5000
 * Running on http://172.20.10.3:5000
2025-12-19 19:27:49,368 - werkzeug - INFO - [33mPress CTRL+C to quit[0m
2025-12-19 19:27:49,471 - __main__ - WARNING - High memory usage: 532.0MB
2025-12-19 19:27:49,595 - __main__ - WARNING - 404 Not Found: /location
2025-12-19 19:27:49,597 - werkzeug - INFO - 127.0.0.1 - - [19/Dec/2025 19:27:49] "[33mGET /location HTTP/1.1[0m" 404 -
2025-12-19 19:27:58,254 - __main__ - WARNING - High memory usage: 532.1MB
2025-12-19 19:27:58,364 - __main__ - WARNING - 404 Not Found: /location
2025-12-19 19:27:58,364 - werkzeug - INFO - 127.0.0.1 - - [19/Dec/2025 19:27:58] "[33mGET /location HTTP/1.1[0m" 404 -
2025-12-19 19:28:02,258 - __main__ - WARNING - High memory usage: 532.1MB
2025-12-19 19:28:02,372 - __main__ - WARNING - 404 Not Found: /location
2025-12-19 19:28:02,373 - werkzeug - INFO - 127.0.0.1 - - [19/Dec/2025 19:28:02] "[33mGET /location HTTP/1.1[0m" 404 -
2025-12-19 19:28:03,171 - __main__ - WARNING - High memory usage: 532.1MB
2025-12-19 19:28:03,282 - __main__ - WARNING - 404 Not Found: /location
2025-12-19 19:28:03,282 - werkzeug - INFO - 127.0.0.1 - - [19/Dec/2025 19:28:03] "[33mGET /location HTTP/1.1[0m" 404 -
2025-12-19 19:28:07,840 - __main__ - WARNING - High memory usage: 532.1MB
2025-12-19 19:28:07,936 - __main__ - WARNING - 404 Not Found: /api/device/heartbeat
2025-12-19 19:28:07,937 - werkzeug - INFO - 100.93.7.42 - - [19/Dec/2025 19:28:07] "[33mPOST /api/device/heartbeat HTTP/1.1[0m" 404 -
2025-12-19 19:28:39,568 - __main__ - WARNING - High memory usage: 532.1MB
2025-12-19 19:28:39,718 - __main__ - WARNING - 404 Not Found: /api/device/heartbeat
2025-12-19 19:28:39,719 - werkzeug - INFO - 100.93.7.42 - - [19/Dec/2025 19:28:39] "[33mPOST /api/device/heartbeat HTTP/1.1[0m" 404 -
2025-12-19 19:40:06,412 - tensorflow - WARNING - From D:\KHOA_LUAN_TOT_NGHIEP\VISION-MATE\VISION-MATE\venv\Lib\site-packages\tf_keras\src\losses.py:2976: The name tf.losses.sparse_softmax_cross_entropy is deprecated. Please use tf.compat.v1.losses.sparse_softmax_cross_entropy instead.

2025-12-19 19:40:09,770 - __main__ - ERROR - Import face_model failed: name 'threading' is not defined
2025-12-19 19:40:09,782 - __main__ - ERROR - Import rtsp_stream failed: name 'threading' is not defined
2025-12-19 19:40:09,844 - werkzeug - INFO - [31m[1mWARNING: This is a development server. Do not use it in a production deployment. Use a production WSGI server instead.[0m
 * Running on all addresses (0.0.0.0)
 * Running on http://127.0.0.1:5000
 * Running on http://172.20.10.3:5000
2025-12-19 19:40:09,844 - werkzeug - INFO - [33mPress CTRL+C to quit[0m
2025-12-19 19:40:10,328 - __main__ - WARNING - High memory usage: 534.5MB
2025-12-19 19:40:10,432 - werkzeug - INFO - 100.93.7.42 - - [19/Dec/2025 19:40:10] "POST /api/device/heartbeat HTTP/1.1" 200 -
2025-12-19 19:40:25,134 - __main__ - WARNING - High memory usage: 534.6MB
2025-12-19 19:40:25,320 - werkzeug - INFO - 127.0.0.1 - - [19/Dec/2025 19:40:25] "GET /location HTTP/1.1" 200 -
2025-12-19 19:40:25,382 - werkzeug - INFO - 127.0.0.1 - - [19/Dec/2025 19:40:25] "GET /socket.io/?EIO=4&transport=polling&t=Pise2mP HTTP/1.1" 200 -
2025-12-19 19:40:25,685 - werkzeug - INFO - 127.0.0.1 - - [19/Dec/2025 19:40:25] "POST /socket.io/?EIO=4&transport=polling&t=Pise2nv&sid=sozIIVxkv2DE3-v7AAAA HTTP/1.1" 200 -
2025-12-19 19:40:25,768 - werkzeug - INFO - 127.0.0.1 - - [19/Dec/2025 19:40:25] "GET /socket.io/?EIO=4&transport=polling&t=Pise2nw&sid=sozIIVxkv2DE3-v7AAAA HTTP/1.1" 200 -
2025-12-19 19:40:25,768 - __main__ - WARNING - High memory usage: 539.5MB
2025-12-19 19:40:25,966 - __main__ - INFO - 📍 API /api/locations trả về 14 locations
2025-12-19 19:40:25,966 - werkzeug - INFO - 127.0.0.1 - - [19/Dec/2025 19:40:25] "GET /api/locations HTTP/1.1" 200 -
2025-12-19 19:40:26,080 - werkzeug - INFO - 127.0.0.1 - - [19/Dec/2025 19:40:26] "GET /socket.io/?EIO=4&transport=polling&t=Pise2t9&sid=sozIIVxkv2DE3-v7AAAA HTTP/1.1" 200 -
2025-12-19 19:40:29,175 - werkzeug - INFO - 127.0.0.1 - - [19/Dec/2025 19:40:29] "GET /socket.io/?EIO=4&transport=websocket&sid=sozIIVxkv2DE3-v7AAAA HTTP/1.1" 200 -
2025-12-19 19:40:29,189 - __main__ - WARNING - High memory usage: 535.2MB
2025-12-19 19:40:29,357 - werkzeug - INFO - 127.0.0.1 - - [19/Dec/2025 19:40:29] "GET /dashboard HTTP/1.1" 200 -
2025-12-19 19:40:29,699 - werkzeug - INFO - 127.0.0.1 - - [19/Dec/2025 19:40:29] "GET /socket.io/?EIO=4&transport=polling&t=Pise3lr HTTP/1.1" 200 -
2025-12-19 19:40:29,740 - __main__ - WARNING - High memory usage: 535.4MB
2025-12-19 19:40:29,852 - __main__ - INFO - 📍 [API] /api/get-latest-location called
2025-12-19 19:40:29,852 - werkzeug - INFO - 127.0.0.1 - - [19/Dec/2025 19:40:29] "POST /socket.io/?EIO=4&transport=polling&t=Pise3q6&sid=uROfxVTbvBAGJ3FuAAAC HTTP/1.1" 200 -
2025-12-19 19:40:29,852 - __main__ - INFO - 📍 [API] Found location in history: lat=10.850168, lng=106.78979
2025-12-19 19:40:29,852 - werkzeug - INFO - 127.0.0.1 - - [19/Dec/2025 19:40:29] "GET /api/get-latest-location HTTP/1.1" 200 -
2025-12-19 19:40:29,967 - werkzeug - INFO - 127.0.0.1 - - [19/Dec/2025 19:40:29] "GET /socket.io/?EIO=4&transport=polling&t=Pise3q7&sid=uROfxVTbvBAGJ3FuAAAC HTTP/1.1" 200 -
2025-12-19 19:40:30,009 - __main__ - WARNING - High memory usage: 535.5MB
2025-12-19 19:40:30,117 - werkzeug - INFO - 127.0.0.1 - - [19/Dec/2025 19:40:30] "GET /socket.io/?EIO=4&transport=polling&t=Pise3uI&sid=uROfxVTbvBAGJ3FuAAAC HTTP/1.1" 200 -
2025-12-19 19:40:30,117 - __main__ - ERROR - Unhandled exception: name 'rtsp_stream' is not defined
Traceback (most recent call last):
  File "D:\KHOA_LUAN_TOT_NGHIEP\VISION-MATE\VISION-MATE\venv\Lib\site-packages\flask\app.py", line 1484, in full_dispatch_request
    rv = self.dispatch_request()
         ^^^^^^^^^^^^^^^^^^^^^^^
  File "D:\KHOA_LUAN_TOT_NGHIEP\VISION-MATE\VISION-MATE\venv\Lib\site-packages\flask\app.py", line 1469, in dispatch_request
    return self.ensure_sync(self.view_functions[rule.endpoint])(**view_args)
           ^^^^^^^^^^^^^^^^^^^^^^^^^^^^^^^^^^^^^^^^^^^^^^^^^^^^^^^^^^^^^^^^^
  File "d:\KHOA_LUAN_TOT_NGHIEP\VISION-MATE\VISION-MATE\app.py", line 1280, in stream
    return Response(rtsp_stream(RTSP_URL),
                    ^^^^^^^^^^^
NameError: name 'rtsp_stream' is not defined
2025-12-19 19:40:30,118 - werkzeug - INFO - 127.0.0.1 - - [19/Dec/2025 19:40:30] "[35m[1mGET /stream HTTP/1.1[0m" 500 -
2025-12-19 19:40:30,284 - __main__ - WARNING - High memory usage: 535.5MB
2025-12-19 19:40:30,399 - __main__ - ERROR - Unhandled exception: name 'rtsp_stream' is not defined
Traceback (most recent call last):
  File "D:\KHOA_LUAN_TOT_NGHIEP\VISION-MATE\VISION-MATE\venv\Lib\site-packages\flask\app.py", line 1484, in full_dispatch_request
    rv = self.dispatch_request()
         ^^^^^^^^^^^^^^^^^^^^^^^
  File "D:\KHOA_LUAN_TOT_NGHIEP\VISION-MATE\VISION-MATE\venv\Lib\site-packages\flask\app.py", line 1469, in dispatch_request
    return self.ensure_sync(self.view_functions[rule.endpoint])(**view_args)
           ^^^^^^^^^^^^^^^^^^^^^^^^^^^^^^^^^^^^^^^^^^^^^^^^^^^^^^^^^^^^^^^^^
  File "d:\KHOA_LUAN_TOT_NGHIEP\VISION-MATE\VISION-MATE\app.py", line 1280, in stream
    return Response(rtsp_stream(RTSP_URL),
                    ^^^^^^^^^^^
NameError: name 'rtsp_stream' is not defined
2025-12-19 19:40:30,400 - werkzeug - INFO - 127.0.0.1 - - [19/Dec/2025 19:40:30] "[35m[1mGET /stream?t=1766148030124 HTTP/1.1[0m" 500 -
2025-12-19 19:40:30,439 - __main__ - WARNING - High memory usage: 535.5MB
2025-12-19 19:40:30,561 - __main__ - ERROR - Unhandled exception: name 'rtsp_stream' is not defined
Traceback (most recent call last):
  File "D:\KHOA_LUAN_TOT_NGHIEP\VISION-MATE\VISION-MATE\venv\Lib\site-packages\flask\app.py", line 1484, in full_dispatch_request
    rv = self.dispatch_request()
         ^^^^^^^^^^^^^^^^^^^^^^^
  File "D:\KHOA_LUAN_TOT_NGHIEP\VISION-MATE\VISION-MATE\venv\Lib\site-packages\flask\app.py", line 1469, in dispatch_request
    return self.ensure_sync(self.view_functions[rule.endpoint])(**view_args)
           ^^^^^^^^^^^^^^^^^^^^^^^^^^^^^^^^^^^^^^^^^^^^^^^^^^^^^^^^^^^^^^^^^
  File "d:\KHOA_LUAN_TOT_NGHIEP\VISION-MATE\VISION-MATE\app.py", line 1280, in stream
    return Response(rtsp_stream(RTSP_URL),
                    ^^^^^^^^^^^
NameError: name 'rtsp_stream' is not defined
2025-12-19 19:40:30,562 - werkzeug - INFO - 127.0.0.1 - - [19/Dec/2025 19:40:30] "[35m[1mGET /stream?t=1766148030403 HTTP/1.1[0m" 500 -
2025-12-19 19:40:30,719 - __main__ - WARNING - High memory usage: 535.5MB
2025-12-19 19:40:30,832 - __main__ - ERROR - Unhandled exception: name 'rtsp_stream' is not defined
Traceback (most recent call last):
  File "D:\KHOA_LUAN_TOT_NGHIEP\VISION-MATE\VISION-MATE\venv\Lib\site-packages\flask\app.py", line 1484, in full_dispatch_request
    rv = self.dispatch_request()
         ^^^^^^^^^^^^^^^^^^^^^^^
  File "D:\KHOA_LUAN_TOT_NGHIEP\VISION-MATE\VISION-MATE\venv\Lib\site-packages\flask\app.py", line 1469, in dispatch_request
    return self.ensure_sync(self.view_functions[rule.endpoint])(**view_args)
           ^^^^^^^^^^^^^^^^^^^^^^^^^^^^^^^^^^^^^^^^^^^^^^^^^^^^^^^^^^^^^^^^^
  File "d:\KHOA_LUAN_TOT_NGHIEP\VISION-MATE\VISION-MATE\app.py", line 1280, in stream
    return Response(rtsp_stream(RTSP_URL),
                    ^^^^^^^^^^^
NameError: name 'rtsp_stream' is not defined
2025-12-19 19:40:30,832 - werkzeug - INFO - 127.0.0.1 - - [19/Dec/2025 19:40:30] "[35m[1mGET /stream?t=1766148030564 HTTP/1.1[0m" 500 -
2025-12-19 19:40:30,870 - __main__ - WARNING - High memory usage: 535.5MB
2025-12-19 19:40:30,983 - __main__ - ERROR - Unhandled exception: name 'rtsp_stream' is not defined
Traceback (most recent call last):
  File "D:\KHOA_LUAN_TOT_NGHIEP\VISION-MATE\VISION-MATE\venv\Lib\site-packages\flask\app.py", line 1484, in full_dispatch_request
    rv = self.dispatch_request()
         ^^^^^^^^^^^^^^^^^^^^^^^
  File "D:\KHOA_LUAN_TOT_NGHIEP\VISION-MATE\VISION-MATE\venv\Lib\site-packages\flask\app.py", line 1469, in dispatch_request
    return self.ensure_sync(self.view_functions[rule.endpoint])(**view_args)
           ^^^^^^^^^^^^^^^^^^^^^^^^^^^^^^^^^^^^^^^^^^^^^^^^^^^^^^^^^^^^^^^^^
  File "d:\KHOA_LUAN_TOT_NGHIEP\VISION-MATE\VISION-MATE\app.py", line 1280, in stream
    return Response(rtsp_stream(RTSP_URL),
                    ^^^^^^^^^^^
NameError: name 'rtsp_stream' is not defined
2025-12-19 19:40:30,983 - werkzeug - INFO - 127.0.0.1 - - [19/Dec/2025 19:40:30] "[35m[1mGET /stream?t=1766148030843 HTTP/1.1[0m" 500 -
2025-12-19 19:40:31,151 - __main__ - WARNING - High memory usage: 535.5MB
2025-12-19 19:40:31,268 - __main__ - ERROR - Unhandled exception: name 'rtsp_stream' is not defined
Traceback (most recent call last):
  File "D:\KHOA_LUAN_TOT_NGHIEP\VISION-MATE\VISION-MATE\venv\Lib\site-packages\flask\app.py", line 1484, in full_dispatch_request
    rv = self.dispatch_request()
         ^^^^^^^^^^^^^^^^^^^^^^^
  File "D:\KHOA_LUAN_TOT_NGHIEP\VISION-MATE\VISION-MATE\venv\Lib\site-packages\flask\app.py", line 1469, in dispatch_request
    return self.ensure_sync(self.view_functions[rule.endpoint])(**view_args)
           ^^^^^^^^^^^^^^^^^^^^^^^^^^^^^^^^^^^^^^^^^^^^^^^^^^^^^^^^^^^^^^^^^
  File "d:\KHOA_LUAN_TOT_NGHIEP\VISION-MATE\VISION-MATE\app.py", line 1280, in stream
    return Response(rtsp_stream(RTSP_URL),
                    ^^^^^^^^^^^
NameError: name 'rtsp_stream' is not defined
2025-12-19 19:40:31,271 - werkzeug - INFO - 127.0.0.1 - - [19/Dec/2025 19:40:31] "[35m[1mGET /stream?t=1766148030989 HTTP/1.1[0m" 500 -
2025-12-19 19:40:31,302 - __main__ - WARNING - High memory usage: 535.5MB
2025-12-19 19:40:31,414 - __main__ - ERROR - Unhandled exception: name 'rtsp_stream' is not defined
Traceback (most recent call last):
  File "D:\KHOA_LUAN_TOT_NGHIEP\VISION-MATE\VISION-MATE\venv\Lib\site-packages\flask\app.py", line 1484, in full_dispatch_request
    rv = self.dispatch_request()
         ^^^^^^^^^^^^^^^^^^^^^^^
  File "D:\KHOA_LUAN_TOT_NGHIEP\VISION-MATE\VISION-MATE\venv\Lib\site-packages\flask\app.py", line 1469, in dispatch_request
    return self.ensure_sync(self.view_functions[rule.endpoint])(**view_args)
           ^^^^^^^^^^^^^^^^^^^^^^^^^^^^^^^^^^^^^^^^^^^^^^^^^^^^^^^^^^^^^^^^^
  File "d:\KHOA_LUAN_TOT_NGHIEP\VISION-MATE\VISION-MATE\app.py", line 1280, in stream
    return Response(rtsp_stream(RTSP_URL),
                    ^^^^^^^^^^^
NameError: name 'rtsp_stream' is not defined
2025-12-19 19:40:31,416 - werkzeug - INFO - 127.0.0.1 - - [19/Dec/2025 19:40:31] "[35m[1mGET /stream?t=1766148031273 HTTP/1.1[0m" 500 -
2025-12-19 19:40:31,589 - __main__ - WARNING - High memory usage: 535.5MB
2025-12-19 19:40:31,719 - __main__ - ERROR - Unhandled exception: name 'rtsp_stream' is not defined
Traceback (most recent call last):
  File "D:\KHOA_LUAN_TOT_NGHIEP\VISION-MATE\VISION-MATE\venv\Lib\site-packages\flask\app.py", line 1484, in full_dispatch_request
    rv = self.dispatch_request()
         ^^^^^^^^^^^^^^^^^^^^^^^
  File "D:\KHOA_LUAN_TOT_NGHIEP\VISION-MATE\VISION-MATE\venv\Lib\site-packages\flask\app.py", line 1469, in dispatch_request
    return self.ensure_sync(self.view_functions[rule.endpoint])(**view_args)
           ^^^^^^^^^^^^^^^^^^^^^^^^^^^^^^^^^^^^^^^^^^^^^^^^^^^^^^^^^^^^^^^^^
  File "d:\KHOA_LUAN_TOT_NGHIEP\VISION-MATE\VISION-MATE\app.py", line 1280, in stream
    return Response(rtsp_stream(RTSP_URL),
                    ^^^^^^^^^^^
NameError: name 'rtsp_stream' is not defined
2025-12-19 19:40:31,720 - werkzeug - INFO - 127.0.0.1 - - [19/Dec/2025 19:40:31] "[35m[1mGET /stream?t=1766148031417 HTTP/1.1[0m" 500 -
2025-12-19 19:40:31,724 - __main__ - WARNING - High memory usage: 545.1MB
2025-12-19 19:40:31,854 - __main__ - ERROR - Unhandled exception: name 'rtsp_stream' is not defined
Traceback (most recent call last):
  File "D:\KHOA_LUAN_TOT_NGHIEP\VISION-MATE\VISION-MATE\venv\Lib\site-packages\flask\app.py", line 1484, in full_dispatch_request
    rv = self.dispatch_request()
         ^^^^^^^^^^^^^^^^^^^^^^^
  File "D:\KHOA_LUAN_TOT_NGHIEP\VISION-MATE\VISION-MATE\venv\Lib\site-packages\flask\app.py", line 1469, in dispatch_request
    return self.ensure_sync(self.view_functions[rule.endpoint])(**view_args)
           ^^^^^^^^^^^^^^^^^^^^^^^^^^^^^^^^^^^^^^^^^^^^^^^^^^^^^^^^^^^^^^^^^
  File "d:\KHOA_LUAN_TOT_NGHIEP\VISION-MATE\VISION-MATE\app.py", line 1280, in stream
    return Response(rtsp_stream(RTSP_URL),
                    ^^^^^^^^^^^
NameError: name 'rtsp_stream' is not defined
2025-12-19 19:40:31,857 - werkzeug - INFO - 127.0.0.1 - - [19/Dec/2025 19:40:31] "[35m[1mGET /stream?t=1766148031723 HTTP/1.1[0m" 500 -
2025-12-19 19:40:32,168 - __main__ - WARNING - High memory usage: 535.5MB
2025-12-19 19:40:32,284 - __main__ - ERROR - Unhandled exception: name 'rtsp_stream' is not defined
Traceback (most recent call last):
  File "D:\KHOA_LUAN_TOT_NGHIEP\VISION-MATE\VISION-MATE\venv\Lib\site-packages\flask\app.py", line 1484, in full_dispatch_request
    rv = self.dispatch_request()
         ^^^^^^^^^^^^^^^^^^^^^^^
  File "D:\KHOA_LUAN_TOT_NGHIEP\VISION-MATE\VISION-MATE\venv\Lib\site-packages\flask\app.py", line 1469, in dispatch_request
    return self.ensure_sync(self.view_functions[rule.endpoint])(**view_args)
           ^^^^^^^^^^^^^^^^^^^^^^^^^^^^^^^^^^^^^^^^^^^^^^^^^^^^^^^^^^^^^^^^^
  File "d:\KHOA_LUAN_TOT_NGHIEP\VISION-MATE\VISION-MATE\app.py", line 1280, in stream
    return Response(rtsp_stream(RTSP_URL),
                    ^^^^^^^^^^^
NameError: name 'rtsp_stream' is not defined
2025-12-19 19:40:32,284 - werkzeug - INFO - 127.0.0.1 - - [19/Dec/2025 19:40:32] "[35m[1mGET /stream?t=1766148031860 HTTP/1.1[0m" 500 -
2025-12-19 19:40:32,433 - __main__ - WARNING - High memory usage: 535.5MB
2025-12-19 19:40:32,561 - __main__ - ERROR - Unhandled exception: name 'rtsp_stream' is not defined
Traceback (most recent call last):
  File "D:\KHOA_LUAN_TOT_NGHIEP\VISION-MATE\VISION-MATE\venv\Lib\site-packages\flask\app.py", line 1484, in full_dispatch_request
    rv = self.dispatch_request()
         ^^^^^^^^^^^^^^^^^^^^^^^
  File "D:\KHOA_LUAN_TOT_NGHIEP\VISION-MATE\VISION-MATE\venv\Lib\site-packages\flask\app.py", line 1469, in dispatch_request
    return self.ensure_sync(self.view_functions[rule.endpoint])(**view_args)
           ^^^^^^^^^^^^^^^^^^^^^^^^^^^^^^^^^^^^^^^^^^^^^^^^^^^^^^^^^^^^^^^^^
  File "d:\KHOA_LUAN_TOT_NGHIEP\VISION-MATE\VISION-MATE\app.py", line 1280, in stream
    return Response(rtsp_stream(RTSP_URL),
                    ^^^^^^^^^^^
NameError: name 'rtsp_stream' is not defined
2025-12-19 19:40:32,561 - werkzeug - INFO - 127.0.0.1 - - [19/Dec/2025 19:40:32] "[35m[1mGET /stream?t=1766148032291 HTTP/1.1[0m" 500 -
2025-12-19 19:40:32,599 - __main__ - WARNING - High memory usage: 535.5MB
2025-12-19 19:40:32,735 - __main__ - ERROR - Unhandled exception: name 'rtsp_stream' is not defined
Traceback (most recent call last):
  File "D:\KHOA_LUAN_TOT_NGHIEP\VISION-MATE\VISION-MATE\venv\Lib\site-packages\flask\app.py", line 1484, in full_dispatch_request
    rv = self.dispatch_request()
         ^^^^^^^^^^^^^^^^^^^^^^^
  File "D:\KHOA_LUAN_TOT_NGHIEP\VISION-MATE\VISION-MATE\venv\Lib\site-packages\flask\app.py", line 1469, in dispatch_request
    return self.ensure_sync(self.view_functions[rule.endpoint])(**view_args)
           ^^^^^^^^^^^^^^^^^^^^^^^^^^^^^^^^^^^^^^^^^^^^^^^^^^^^^^^^^^^^^^^^^
  File "d:\KHOA_LUAN_TOT_NGHIEP\VISION-MATE\VISION-MATE\app.py", line 1280, in stream
    return Response(rtsp_stream(RTSP_URL),
                    ^^^^^^^^^^^
NameError: name 'rtsp_stream' is not defined
2025-12-19 19:40:32,736 - werkzeug - INFO - 127.0.0.1 - - [19/Dec/2025 19:40:32] "[35m[1mGET /stream?t=1766148032568 HTTP/1.1[0m" 500 -
2025-12-19 19:40:32,874 - __main__ - WARNING - High memory usage: 535.5MB
2025-12-19 19:40:33,001 - __main__ - ERROR - Unhandled exception: name 'rtsp_stream' is not defined
Traceback (most recent call last):
  File "D:\KHOA_LUAN_TOT_NGHIEP\VISION-MATE\VISION-MATE\venv\Lib\site-packages\flask\app.py", line 1484, in full_dispatch_request
    rv = self.dispatch_request()
         ^^^^^^^^^^^^^^^^^^^^^^^
  File "D:\KHOA_LUAN_TOT_NGHIEP\VISION-MATE\VISION-MATE\venv\Lib\site-packages\flask\app.py", line 1469, in dispatch_request
    return self.ensure_sync(self.view_functions[rule.endpoint])(**view_args)
           ^^^^^^^^^^^^^^^^^^^^^^^^^^^^^^^^^^^^^^^^^^^^^^^^^^^^^^^^^^^^^^^^^
  File "d:\KHOA_LUAN_TOT_NGHIEP\VISION-MATE\VISION-MATE\app.py", line 1280, in stream
    return Response(rtsp_stream(RTSP_URL),
                    ^^^^^^^^^^^
NameError: name 'rtsp_stream' is not defined
2025-12-19 19:40:33,003 - werkzeug - INFO - 127.0.0.1 - - [19/Dec/2025 19:40:33] "[35m[1mGET /stream?t=1766148032740 HTTP/1.1[0m" 500 -
2025-12-19 19:40:33,052 - __main__ - WARNING - High memory usage: 535.5MB
2025-12-19 19:40:33,167 - __main__ - ERROR - Unhandled exception: name 'rtsp_stream' is not defined
Traceback (most recent call last):
  File "D:\KHOA_LUAN_TOT_NGHIEP\VISION-MATE\VISION-MATE\venv\Lib\site-packages\flask\app.py", line 1484, in full_dispatch_request
    rv = self.dispatch_request()
         ^^^^^^^^^^^^^^^^^^^^^^^
  File "D:\KHOA_LUAN_TOT_NGHIEP\VISION-MATE\VISION-MATE\venv\Lib\site-packages\flask\app.py", line 1469, in dispatch_request
    return self.ensure_sync(self.view_functions[rule.endpoint])(**view_args)
           ^^^^^^^^^^^^^^^^^^^^^^^^^^^^^^^^^^^^^^^^^^^^^^^^^^^^^^^^^^^^^^^^^
  File "d:\KHOA_LUAN_TOT_NGHIEP\VISION-MATE\VISION-MATE\app.py", line 1280, in stream
    return Response(rtsp_stream(RTSP_URL),
                    ^^^^^^^^^^^
NameError: name 'rtsp_stream' is not defined
2025-12-19 19:40:33,167 - werkzeug - INFO - 127.0.0.1 - - [19/Dec/2025 19:40:33] "[35m[1mGET /stream?t=1766148033005 HTTP/1.1[0m" 500 -
2025-12-19 19:40:33,317 - __main__ - WARNING - High memory usage: 535.5MB
2025-12-19 19:40:33,433 - __main__ - ERROR - Unhandled exception: name 'rtsp_stream' is not defined
Traceback (most recent call last):
  File "D:\KHOA_LUAN_TOT_NGHIEP\VISION-MATE\VISION-MATE\venv\Lib\site-packages\flask\app.py", line 1484, in full_dispatch_request
    rv = self.dispatch_request()
         ^^^^^^^^^^^^^^^^^^^^^^^
  File "D:\KHOA_LUAN_TOT_NGHIEP\VISION-MATE\VISION-MATE\venv\Lib\site-packages\flask\app.py", line 1469, in dispatch_request
    return self.ensure_sync(self.view_functions[rule.endpoint])(**view_args)
           ^^^^^^^^^^^^^^^^^^^^^^^^^^^^^^^^^^^^^^^^^^^^^^^^^^^^^^^^^^^^^^^^^
  File "d:\KHOA_LUAN_TOT_NGHIEP\VISION-MATE\VISION-MATE\app.py", line 1280, in stream
    return Response(rtsp_stream(RTSP_URL),
                    ^^^^^^^^^^^
NameError: name 'rtsp_stream' is not defined
2025-12-19 19:40:33,433 - werkzeug - INFO - 127.0.0.1 - - [19/Dec/2025 19:40:33] "[35m[1mGET /stream?t=1766148033174 HTTP/1.1[0m" 500 -
2025-12-19 19:40:33,484 - __main__ - WARNING - High memory usage: 535.5MB
2025-12-19 19:40:33,600 - __main__ - ERROR - Unhandled exception: name 'rtsp_stream' is not defined
Traceback (most recent call last):
  File "D:\KHOA_LUAN_TOT_NGHIEP\VISION-MATE\VISION-MATE\venv\Lib\site-packages\flask\app.py", line 1484, in full_dispatch_request
    rv = self.dispatch_request()
         ^^^^^^^^^^^^^^^^^^^^^^^
  File "D:\KHOA_LUAN_TOT_NGHIEP\VISION-MATE\VISION-MATE\venv\Lib\site-packages\flask\app.py", line 1469, in dispatch_request
    return self.ensure_sync(self.view_functions[rule.endpoint])(**view_args)
           ^^^^^^^^^^^^^^^^^^^^^^^^^^^^^^^^^^^^^^^^^^^^^^^^^^^^^^^^^^^^^^^^^
  File "d:\KHOA_LUAN_TOT_NGHIEP\VISION-MATE\VISION-MATE\app.py", line 1280, in stream
    return Response(rtsp_stream(RTSP_URL),
                    ^^^^^^^^^^^
NameError: name 'rtsp_stream' is not defined
2025-12-19 19:40:33,600 - werkzeug - INFO - 127.0.0.1 - - [19/Dec/2025 19:40:33] "[35m[1mGET /stream?t=1766148033443 HTTP/1.1[0m" 500 -
2025-12-19 19:40:33,749 - __main__ - WARNING - High memory usage: 535.5MB
2025-12-19 19:40:33,875 - __main__ - ERROR - Unhandled exception: name 'rtsp_stream' is not defined
Traceback (most recent call last):
  File "D:\KHOA_LUAN_TOT_NGHIEP\VISION-MATE\VISION-MATE\venv\Lib\site-packages\flask\app.py", line 1484, in full_dispatch_request
    rv = self.dispatch_request()
         ^^^^^^^^^^^^^^^^^^^^^^^
  File "D:\KHOA_LUAN_TOT_NGHIEP\VISION-MATE\VISION-MATE\venv\Lib\site-packages\flask\app.py", line 1469, in dispatch_request
    return self.ensure_sync(self.view_functions[rule.endpoint])(**view_args)
           ^^^^^^^^^^^^^^^^^^^^^^^^^^^^^^^^^^^^^^^^^^^^^^^^^^^^^^^^^^^^^^^^^
  File "d:\KHOA_LUAN_TOT_NGHIEP\VISION-MATE\VISION-MATE\app.py", line 1280, in stream
    return Response(rtsp_stream(RTSP_URL),
                    ^^^^^^^^^^^
NameError: name 'rtsp_stream' is not defined
2025-12-19 19:40:33,876 - werkzeug - INFO - 127.0.0.1 - - [19/Dec/2025 19:40:33] "[35m[1mGET /stream?t=1766148033605 HTTP/1.1[0m" 500 -
2025-12-19 19:40:33,920 - __main__ - WARNING - High memory usage: 535.5MB
2025-12-19 19:40:34,034 - __main__ - ERROR - Unhandled exception: name 'rtsp_stream' is not defined
Traceback (most recent call last):
  File "D:\KHOA_LUAN_TOT_NGHIEP\VISION-MATE\VISION-MATE\venv\Lib\site-packages\flask\app.py", line 1484, in full_dispatch_request
    rv = self.dispatch_request()
         ^^^^^^^^^^^^^^^^^^^^^^^
  File "D:\KHOA_LUAN_TOT_NGHIEP\VISION-MATE\VISION-MATE\venv\Lib\site-packages\flask\app.py", line 1469, in dispatch_request
    return self.ensure_sync(self.view_functions[rule.endpoint])(**view_args)
           ^^^^^^^^^^^^^^^^^^^^^^^^^^^^^^^^^^^^^^^^^^^^^^^^^^^^^^^^^^^^^^^^^
  File "d:\KHOA_LUAN_TOT_NGHIEP\VISION-MATE\VISION-MATE\app.py", line 1280, in stream
    return Response(rtsp_stream(RTSP_URL),
                    ^^^^^^^^^^^
NameError: name 'rtsp_stream' is not defined
2025-12-19 19:40:34,034 - werkzeug - INFO - 127.0.0.1 - - [19/Dec/2025 19:40:34] "[35m[1mGET /stream?t=1766148033879 HTTP/1.1[0m" 500 -
2025-12-19 19:40:34,183 - __main__ - WARNING - High memory usage: 535.5MB
2025-12-19 19:40:34,309 - __main__ - ERROR - Unhandled exception: name 'rtsp_stream' is not defined
Traceback (most recent call last):
  File "D:\KHOA_LUAN_TOT_NGHIEP\VISION-MATE\VISION-MATE\venv\Lib\site-packages\flask\app.py", line 1484, in full_dispatch_request
    rv = self.dispatch_request()
         ^^^^^^^^^^^^^^^^^^^^^^^
  File "D:\KHOA_LUAN_TOT_NGHIEP\VISION-MATE\VISION-MATE\venv\Lib\site-packages\flask\app.py", line 1469, in dispatch_request
    return self.ensure_sync(self.view_functions[rule.endpoint])(**view_args)
           ^^^^^^^^^^^^^^^^^^^^^^^^^^^^^^^^^^^^^^^^^^^^^^^^^^^^^^^^^^^^^^^^^
  File "d:\KHOA_LUAN_TOT_NGHIEP\VISION-MATE\VISION-MATE\app.py", line 1280, in stream
    return Response(rtsp_stream(RTSP_URL),
                    ^^^^^^^^^^^
NameError: name 'rtsp_stream' is not defined
2025-12-19 19:40:34,309 - werkzeug - INFO - 127.0.0.1 - - [19/Dec/2025 19:40:34] "[35m[1mGET /stream?t=1766148034041 HTTP/1.1[0m" 500 -
2025-12-19 19:40:34,350 - __main__ - WARNING - High memory usage: 535.5MB
2025-12-19 19:40:34,471 - __main__ - ERROR - Unhandled exception: name 'rtsp_stream' is not defined
Traceback (most recent call last):
  File "D:\KHOA_LUAN_TOT_NGHIEP\VISION-MATE\VISION-MATE\venv\Lib\site-packages\flask\app.py", line 1484, in full_dispatch_request
    rv = self.dispatch_request()
         ^^^^^^^^^^^^^^^^^^^^^^^
  File "D:\KHOA_LUAN_TOT_NGHIEP\VISION-MATE\VISION-MATE\venv\Lib\site-packages\flask\app.py", line 1469, in dispatch_request
    return self.ensure_sync(self.view_functions[rule.endpoint])(**view_args)
           ^^^^^^^^^^^^^^^^^^^^^^^^^^^^^^^^^^^^^^^^^^^^^^^^^^^^^^^^^^^^^^^^^
  File "d:\KHOA_LUAN_TOT_NGHIEP\VISION-MATE\VISION-MATE\app.py", line 1280, in stream
    return Response(rtsp_stream(RTSP_URL),
                    ^^^^^^^^^^^
NameError: name 'rtsp_stream' is not defined
2025-12-19 19:40:34,472 - werkzeug - INFO - 127.0.0.1 - - [19/Dec/2025 19:40:34] "[35m[1mGET /stream?t=1766148034314 HTTP/1.1[0m" 500 -
2025-12-19 19:40:34,634 - __main__ - WARNING - High memory usage: 535.5MB
2025-12-19 19:40:34,749 - __main__ - ERROR - Unhandled exception: name 'rtsp_stream' is not defined
Traceback (most recent call last):
  File "D:\KHOA_LUAN_TOT_NGHIEP\VISION-MATE\VISION-MATE\venv\Lib\site-packages\flask\app.py", line 1484, in full_dispatch_request
    rv = self.dispatch_request()
         ^^^^^^^^^^^^^^^^^^^^^^^
  File "D:\KHOA_LUAN_TOT_NGHIEP\VISION-MATE\VISION-MATE\venv\Lib\site-packages\flask\app.py", line 1469, in dispatch_request
    return self.ensure_sync(self.view_functions[rule.endpoint])(**view_args)
           ^^^^^^^^^^^^^^^^^^^^^^^^^^^^^^^^^^^^^^^^^^^^^^^^^^^^^^^^^^^^^^^^^
  File "d:\KHOA_LUAN_TOT_NGHIEP\VISION-MATE\VISION-MATE\app.py", line 1280, in stream
    return Response(rtsp_stream(RTSP_URL),
                    ^^^^^^^^^^^
NameError: name 'rtsp_stream' is not defined
2025-12-19 19:40:34,749 - werkzeug - INFO - 127.0.0.1 - - [19/Dec/2025 19:40:34] "[35m[1mGET /stream?t=1766148034474 HTTP/1.1[0m" 500 -
2025-12-19 19:40:34,786 - __main__ - WARNING - High memory usage: 535.5MB
2025-12-19 19:40:34,908 - __main__ - ERROR - Unhandled exception: name 'rtsp_stream' is not defined
Traceback (most recent call last):
  File "D:\KHOA_LUAN_TOT_NGHIEP\VISION-MATE\VISION-MATE\venv\Lib\site-packages\flask\app.py", line 1484, in full_dispatch_request
    rv = self.dispatch_request()
         ^^^^^^^^^^^^^^^^^^^^^^^
  File "D:\KHOA_LUAN_TOT_NGHIEP\VISION-MATE\VISION-MATE\venv\Lib\site-packages\flask\app.py", line 1469, in dispatch_request
    return self.ensure_sync(self.view_functions[rule.endpoint])(**view_args)
           ^^^^^^^^^^^^^^^^^^^^^^^^^^^^^^^^^^^^^^^^^^^^^^^^^^^^^^^^^^^^^^^^^
  File "d:\KHOA_LUAN_TOT_NGHIEP\VISION-MATE\VISION-MATE\app.py", line 1280, in stream
    return Response(rtsp_stream(RTSP_URL),
                    ^^^^^^^^^^^
NameError: name 'rtsp_stream' is not defined
2025-12-19 19:40:34,908 - werkzeug - INFO - 127.0.0.1 - - [19/Dec/2025 19:40:34] "[35m[1mGET /stream?t=1766148034756 HTTP/1.1[0m" 500 -
2025-12-19 19:40:35,068 - __main__ - WARNING - High memory usage: 535.5MB
2025-12-19 19:40:35,193 - __main__ - ERROR - Unhandled exception: name 'rtsp_stream' is not defined
Traceback (most recent call last):
  File "D:\KHOA_LUAN_TOT_NGHIEP\VISION-MATE\VISION-MATE\venv\Lib\site-packages\flask\app.py", line 1484, in full_dispatch_request
    rv = self.dispatch_request()
         ^^^^^^^^^^^^^^^^^^^^^^^
  File "D:\KHOA_LUAN_TOT_NGHIEP\VISION-MATE\VISION-MATE\venv\Lib\site-packages\flask\app.py", line 1469, in dispatch_request
    return self.ensure_sync(self.view_functions[rule.endpoint])(**view_args)
           ^^^^^^^^^^^^^^^^^^^^^^^^^^^^^^^^^^^^^^^^^^^^^^^^^^^^^^^^^^^^^^^^^
  File "d:\KHOA_LUAN_TOT_NGHIEP\VISION-MATE\VISION-MATE\app.py", line 1280, in stream
    return Response(rtsp_stream(RTSP_URL),
                    ^^^^^^^^^^^
NameError: name 'rtsp_stream' is not defined
2025-12-19 19:40:35,193 - werkzeug - INFO - 127.0.0.1 - - [19/Dec/2025 19:40:35] "[35m[1mGET /stream?t=1766148034914 HTTP/1.1[0m" 500 -
2025-12-19 19:40:35,225 - __main__ - WARNING - High memory usage: 535.5MB
2025-12-19 19:40:35,351 - __main__ - ERROR - Unhandled exception: name 'rtsp_stream' is not defined
Traceback (most recent call last):
  File "D:\KHOA_LUAN_TOT_NGHIEP\VISION-MATE\VISION-MATE\venv\Lib\site-packages\flask\app.py", line 1484, in full_dispatch_request
    rv = self.dispatch_request()
         ^^^^^^^^^^^^^^^^^^^^^^^
  File "D:\KHOA_LUAN_TOT_NGHIEP\VISION-MATE\VISION-MATE\venv\Lib\site-packages\flask\app.py", line 1469, in dispatch_request
    return self.ensure_sync(self.view_functions[rule.endpoint])(**view_args)
           ^^^^^^^^^^^^^^^^^^^^^^^^^^^^^^^^^^^^^^^^^^^^^^^^^^^^^^^^^^^^^^^^^
  File "d:\KHOA_LUAN_TOT_NGHIEP\VISION-MATE\VISION-MATE\app.py", line 1280, in stream
    return Response(rtsp_stream(RTSP_URL),
                    ^^^^^^^^^^^
NameError: name 'rtsp_stream' is not defined
2025-12-19 19:40:35,352 - werkzeug - INFO - 127.0.0.1 - - [19/Dec/2025 19:40:35] "[35m[1mGET /stream?t=1766148035198 HTTP/1.1[0m" 500 -
2025-12-19 19:40:35,500 - __main__ - WARNING - High memory usage: 535.5MB
2025-12-19 19:40:35,624 - __main__ - ERROR - Unhandled exception: name 'rtsp_stream' is not defined
Traceback (most recent call last):
  File "D:\KHOA_LUAN_TOT_NGHIEP\VISION-MATE\VISION-MATE\venv\Lib\site-packages\flask\app.py", line 1484, in full_dispatch_request
    rv = self.dispatch_request()
         ^^^^^^^^^^^^^^^^^^^^^^^
  File "D:\KHOA_LUAN_TOT_NGHIEP\VISION-MATE\VISION-MATE\venv\Lib\site-packages\flask\app.py", line 1469, in dispatch_request
    return self.ensure_sync(self.view_functions[rule.endpoint])(**view_args)
           ^^^^^^^^^^^^^^^^^^^^^^^^^^^^^^^^^^^^^^^^^^^^^^^^^^^^^^^^^^^^^^^^^
  File "d:\KHOA_LUAN_TOT_NGHIEP\VISION-MATE\VISION-MATE\app.py", line 1280, in stream
    return Response(rtsp_stream(RTSP_URL),
                    ^^^^^^^^^^^
NameError: name 'rtsp_stream' is not defined
2025-12-19 19:40:35,624 - werkzeug - INFO - 127.0.0.1 - - [19/Dec/2025 19:40:35] "[35m[1mGET /stream?t=1766148035355 HTTP/1.1[0m" 500 -
2025-12-19 19:40:35,668 - __main__ - WARNING - High memory usage: 535.5MB
2025-12-19 19:40:35,789 - __main__ - ERROR - Unhandled exception: name 'rtsp_stream' is not defined
Traceback (most recent call last):
  File "D:\KHOA_LUAN_TOT_NGHIEP\VISION-MATE\VISION-MATE\venv\Lib\site-packages\flask\app.py", line 1484, in full_dispatch_request
    rv = self.dispatch_request()
         ^^^^^^^^^^^^^^^^^^^^^^^
  File "D:\KHOA_LUAN_TOT_NGHIEP\VISION-MATE\VISION-MATE\venv\Lib\site-packages\flask\app.py", line 1469, in dispatch_request
    return self.ensure_sync(self.view_functions[rule.endpoint])(**view_args)
           ^^^^^^^^^^^^^^^^^^^^^^^^^^^^^^^^^^^^^^^^^^^^^^^^^^^^^^^^^^^^^^^^^
  File "d:\KHOA_LUAN_TOT_NGHIEP\VISION-MATE\VISION-MATE\app.py", line 1280, in stream
    return Response(rtsp_stream(RTSP_URL),
                    ^^^^^^^^^^^
NameError: name 'rtsp_stream' is not defined
2025-12-19 19:40:35,792 - werkzeug - INFO - 127.0.0.1 - - [19/Dec/2025 19:40:35] "[35m[1mGET /stream?t=1766148035630 HTTP/1.1[0m" 500 -
2025-12-19 19:40:35,934 - __main__ - WARNING - High memory usage: 535.5MB
2025-12-19 19:40:36,056 - __main__ - ERROR - Unhandled exception: name 'rtsp_stream' is not defined
Traceback (most recent call last):
  File "D:\KHOA_LUAN_TOT_NGHIEP\VISION-MATE\VISION-MATE\venv\Lib\site-packages\flask\app.py", line 1484, in full_dispatch_request
    rv = self.dispatch_request()
         ^^^^^^^^^^^^^^^^^^^^^^^
  File "D:\KHOA_LUAN_TOT_NGHIEP\VISION-MATE\VISION-MATE\venv\Lib\site-packages\flask\app.py", line 1469, in dispatch_request
    return self.ensure_sync(self.view_functions[rule.endpoint])(**view_args)
           ^^^^^^^^^^^^^^^^^^^^^^^^^^^^^^^^^^^^^^^^^^^^^^^^^^^^^^^^^^^^^^^^^
  File "d:\KHOA_LUAN_TOT_NGHIEP\VISION-MATE\VISION-MATE\app.py", line 1280, in stream
    return Response(rtsp_stream(RTSP_URL),
                    ^^^^^^^^^^^
NameError: name 'rtsp_stream' is not defined
2025-12-19 19:40:36,056 - werkzeug - INFO - 127.0.0.1 - - [19/Dec/2025 19:40:36] "[35m[1mGET /stream?t=1766148035796 HTTP/1.1[0m" 500 -
2025-12-19 19:40:36,099 - __main__ - WARNING - High memory usage: 535.5MB
2025-12-19 19:40:36,215 - __main__ - ERROR - Unhandled exception: name 'rtsp_stream' is not defined
Traceback (most recent call last):
  File "D:\KHOA_LUAN_TOT_NGHIEP\VISION-MATE\VISION-MATE\venv\Lib\site-packages\flask\app.py", line 1484, in full_dispatch_request
    rv = self.dispatch_request()
         ^^^^^^^^^^^^^^^^^^^^^^^
  File "D:\KHOA_LUAN_TOT_NGHIEP\VISION-MATE\VISION-MATE\venv\Lib\site-packages\flask\app.py", line 1469, in dispatch_request
    return self.ensure_sync(self.view_functions[rule.endpoint])(**view_args)
           ^^^^^^^^^^^^^^^^^^^^^^^^^^^^^^^^^^^^^^^^^^^^^^^^^^^^^^^^^^^^^^^^^
  File "d:\KHOA_LUAN_TOT_NGHIEP\VISION-MATE\VISION-MATE\app.py", line 1280, in stream
    return Response(rtsp_stream(RTSP_URL),
                    ^^^^^^^^^^^
NameError: name 'rtsp_stream' is not defined
2025-12-19 19:40:36,215 - werkzeug - INFO - 127.0.0.1 - - [19/Dec/2025 19:40:36] "[35m[1mGET /stream?t=1766148036062 HTTP/1.1[0m" 500 -
2025-12-19 19:40:36,366 - __main__ - WARNING - High memory usage: 535.5MB
2025-12-19 19:40:36,482 - __main__ - ERROR - Unhandled exception: name 'rtsp_stream' is not defined
Traceback (most recent call last):
  File "D:\KHOA_LUAN_TOT_NGHIEP\VISION-MATE\VISION-MATE\venv\Lib\site-packages\flask\app.py", line 1484, in full_dispatch_request
    rv = self.dispatch_request()
         ^^^^^^^^^^^^^^^^^^^^^^^
  File "D:\KHOA_LUAN_TOT_NGHIEP\VISION-MATE\VISION-MATE\venv\Lib\site-packages\flask\app.py", line 1469, in dispatch_request
    return self.ensure_sync(self.view_functions[rule.endpoint])(**view_args)
           ^^^^^^^^^^^^^^^^^^^^^^^^^^^^^^^^^^^^^^^^^^^^^^^^^^^^^^^^^^^^^^^^^
  File "d:\KHOA_LUAN_TOT_NGHIEP\VISION-MATE\VISION-MATE\app.py", line 1280, in stream
    return Response(rtsp_stream(RTSP_URL),
                    ^^^^^^^^^^^
NameError: name 'rtsp_stream' is not defined
2025-12-19 19:40:36,482 - werkzeug - INFO - 127.0.0.1 - - [19/Dec/2025 19:40:36] "[35m[1mGET /stream?t=1766148036222 HTTP/1.1[0m" 500 -
2025-12-19 19:40:36,537 - __main__ - WARNING - High memory usage: 535.5MB
2025-12-19 19:40:36,650 - __main__ - ERROR - Unhandled exception: name 'rtsp_stream' is not defined
Traceback (most recent call last):
  File "D:\KHOA_LUAN_TOT_NGHIEP\VISION-MATE\VISION-MATE\venv\Lib\site-packages\flask\app.py", line 1484, in full_dispatch_request
    rv = self.dispatch_request()
         ^^^^^^^^^^^^^^^^^^^^^^^
  File "D:\KHOA_LUAN_TOT_NGHIEP\VISION-MATE\VISION-MATE\venv\Lib\site-packages\flask\app.py", line 1469, in dispatch_request
    return self.ensure_sync(self.view_functions[rule.endpoint])(**view_args)
           ^^^^^^^^^^^^^^^^^^^^^^^^^^^^^^^^^^^^^^^^^^^^^^^^^^^^^^^^^^^^^^^^^
  File "d:\KHOA_LUAN_TOT_NGHIEP\VISION-MATE\VISION-MATE\app.py", line 1280, in stream
    return Response(rtsp_stream(RTSP_URL),
                    ^^^^^^^^^^^
NameError: name 'rtsp_stream' is not defined
2025-12-19 19:40:36,650 - werkzeug - INFO - 127.0.0.1 - - [19/Dec/2025 19:40:36] "[35m[1mGET /stream?t=1766148036492 HTTP/1.1[0m" 500 -
2025-12-19 19:40:36,799 - __main__ - WARNING - High memory usage: 535.5MB
2025-12-19 19:40:36,915 - __main__ - ERROR - Unhandled exception: name 'rtsp_stream' is not defined
Traceback (most recent call last):
  File "D:\KHOA_LUAN_TOT_NGHIEP\VISION-MATE\VISION-MATE\venv\Lib\site-packages\flask\app.py", line 1484, in full_dispatch_request
    rv = self.dispatch_request()
         ^^^^^^^^^^^^^^^^^^^^^^^
  File "D:\KHOA_LUAN_TOT_NGHIEP\VISION-MATE\VISION-MATE\venv\Lib\site-packages\flask\app.py", line 1469, in dispatch_request
    return self.ensure_sync(self.view_functions[rule.endpoint])(**view_args)
           ^^^^^^^^^^^^^^^^^^^^^^^^^^^^^^^^^^^^^^^^^^^^^^^^^^^^^^^^^^^^^^^^^
  File "d:\KHOA_LUAN_TOT_NGHIEP\VISION-MATE\VISION-MATE\app.py", line 1280, in stream
    return Response(rtsp_stream(RTSP_URL),
                    ^^^^^^^^^^^
NameError: name 'rtsp_stream' is not defined
2025-12-19 19:40:36,915 - werkzeug - INFO - 127.0.0.1 - - [19/Dec/2025 19:40:36] "[35m[1mGET /stream?t=1766148036658 HTTP/1.1[0m" 500 -
2025-12-19 19:40:36,967 - __main__ - WARNING - High memory usage: 535.5MB
2025-12-19 19:40:37,082 - __main__ - ERROR - Unhandled exception: name 'rtsp_stream' is not defined
Traceback (most recent call last):
  File "D:\KHOA_LUAN_TOT_NGHIEP\VISION-MATE\VISION-MATE\venv\Lib\site-packages\flask\app.py", line 1484, in full_dispatch_request
    rv = self.dispatch_request()
         ^^^^^^^^^^^^^^^^^^^^^^^
  File "D:\KHOA_LUAN_TOT_NGHIEP\VISION-MATE\VISION-MATE\venv\Lib\site-packages\flask\app.py", line 1469, in dispatch_request
    return self.ensure_sync(self.view_functions[rule.endpoint])(**view_args)
           ^^^^^^^^^^^^^^^^^^^^^^^^^^^^^^^^^^^^^^^^^^^^^^^^^^^^^^^^^^^^^^^^^
  File "d:\KHOA_LUAN_TOT_NGHIEP\VISION-MATE\VISION-MATE\app.py", line 1280, in stream
    return Response(rtsp_stream(RTSP_URL),
                    ^^^^^^^^^^^
NameError: name 'rtsp_stream' is not defined
2025-12-19 19:40:37,082 - werkzeug - INFO - 127.0.0.1 - - [19/Dec/2025 19:40:37] "[35m[1mGET /stream?t=1766148036925 HTTP/1.1[0m" 500 -
2025-12-19 19:40:37,233 - __main__ - WARNING - High memory usage: 535.5MB
2025-12-19 19:40:37,350 - __main__ - ERROR - Unhandled exception: name 'rtsp_stream' is not defined
Traceback (most recent call last):
  File "D:\KHOA_LUAN_TOT_NGHIEP\VISION-MATE\VISION-MATE\venv\Lib\site-packages\flask\app.py", line 1484, in full_dispatch_request
    rv = self.dispatch_request()
         ^^^^^^^^^^^^^^^^^^^^^^^
  File "D:\KHOA_LUAN_TOT_NGHIEP\VISION-MATE\VISION-MATE\venv\Lib\site-packages\flask\app.py", line 1469, in dispatch_request
    return self.ensure_sync(self.view_functions[rule.endpoint])(**view_args)
           ^^^^^^^^^^^^^^^^^^^^^^^^^^^^^^^^^^^^^^^^^^^^^^^^^^^^^^^^^^^^^^^^^
  File "d:\KHOA_LUAN_TOT_NGHIEP\VISION-MATE\VISION-MATE\app.py", line 1280, in stream
    return Response(rtsp_stream(RTSP_URL),
                    ^^^^^^^^^^^
NameError: name 'rtsp_stream' is not defined
2025-12-19 19:40:37,350 - werkzeug - INFO - 127.0.0.1 - - [19/Dec/2025 19:40:37] "[35m[1mGET /stream?t=1766148037090 HTTP/1.1[0m" 500 -
2025-12-19 19:40:37,401 - __main__ - WARNING - High memory usage: 535.5MB
2025-12-19 19:40:37,516 - __main__ - ERROR - Unhandled exception: name 'rtsp_stream' is not defined
Traceback (most recent call last):
  File "D:\KHOA_LUAN_TOT_NGHIEP\VISION-MATE\VISION-MATE\venv\Lib\site-packages\flask\app.py", line 1484, in full_dispatch_request
    rv = self.dispatch_request()
         ^^^^^^^^^^^^^^^^^^^^^^^
  File "D:\KHOA_LUAN_TOT_NGHIEP\VISION-MATE\VISION-MATE\venv\Lib\site-packages\flask\app.py", line 1469, in dispatch_request
    return self.ensure_sync(self.view_functions[rule.endpoint])(**view_args)
           ^^^^^^^^^^^^^^^^^^^^^^^^^^^^^^^^^^^^^^^^^^^^^^^^^^^^^^^^^^^^^^^^^
  File "d:\KHOA_LUAN_TOT_NGHIEP\VISION-MATE\VISION-MATE\app.py", line 1280, in stream
    return Response(rtsp_stream(RTSP_URL),
                    ^^^^^^^^^^^
NameError: name 'rtsp_stream' is not defined
2025-12-19 19:40:37,516 - werkzeug - INFO - 127.0.0.1 - - [19/Dec/2025 19:40:37] "[35m[1mGET /stream?t=1766148037364 HTTP/1.1[0m" 500 -
2025-12-19 19:40:37,684 - __main__ - WARNING - High memory usage: 535.5MB
2025-12-19 19:40:37,808 - __main__ - ERROR - Unhandled exception: name 'rtsp_stream' is not defined
Traceback (most recent call last):
  File "D:\KHOA_LUAN_TOT_NGHIEP\VISION-MATE\VISION-MATE\venv\Lib\site-packages\flask\app.py", line 1484, in full_dispatch_request
    rv = self.dispatch_request()
         ^^^^^^^^^^^^^^^^^^^^^^^
  File "D:\KHOA_LUAN_TOT_NGHIEP\VISION-MATE\VISION-MATE\venv\Lib\site-packages\flask\app.py", line 1469, in dispatch_request
    return self.ensure_sync(self.view_functions[rule.endpoint])(**view_args)
           ^^^^^^^^^^^^^^^^^^^^^^^^^^^^^^^^^^^^^^^^^^^^^^^^^^^^^^^^^^^^^^^^^
  File "d:\KHOA_LUAN_TOT_NGHIEP\VISION-MATE\VISION-MATE\app.py", line 1280, in stream
    return Response(rtsp_stream(RTSP_URL),
                    ^^^^^^^^^^^
NameError: name 'rtsp_stream' is not defined
2025-12-19 19:40:37,808 - werkzeug - INFO - 127.0.0.1 - - [19/Dec/2025 19:40:37] "[35m[1mGET /stream?t=1766148037525 HTTP/1.1[0m" 500 -
2025-12-19 19:40:37,833 - __main__ - WARNING - High memory usage: 535.5MB
2025-12-19 19:40:37,958 - __main__ - ERROR - Unhandled exception: name 'rtsp_stream' is not defined
Traceback (most recent call last):
  File "D:\KHOA_LUAN_TOT_NGHIEP\VISION-MATE\VISION-MATE\venv\Lib\site-packages\flask\app.py", line 1484, in full_dispatch_request
    rv = self.dispatch_request()
         ^^^^^^^^^^^^^^^^^^^^^^^
  File "D:\KHOA_LUAN_TOT_NGHIEP\VISION-MATE\VISION-MATE\venv\Lib\site-packages\flask\app.py", line 1469, in dispatch_request
    return self.ensure_sync(self.view_functions[rule.endpoint])(**view_args)
           ^^^^^^^^^^^^^^^^^^^^^^^^^^^^^^^^^^^^^^^^^^^^^^^^^^^^^^^^^^^^^^^^^
  File "d:\KHOA_LUAN_TOT_NGHIEP\VISION-MATE\VISION-MATE\app.py", line 1280, in stream
    return Response(rtsp_stream(RTSP_URL),
                    ^^^^^^^^^^^
NameError: name 'rtsp_stream' is not defined
2025-12-19 19:40:37,963 - werkzeug - INFO - 127.0.0.1 - - [19/Dec/2025 19:40:37] "[35m[1mGET /stream?t=1766148037815 HTTP/1.1[0m" 500 -
2025-12-19 19:40:38,134 - __main__ - WARNING - High memory usage: 535.5MB
2025-12-19 19:40:38,257 - __main__ - ERROR - Unhandled exception: name 'rtsp_stream' is not defined
Traceback (most recent call last):
  File "D:\KHOA_LUAN_TOT_NGHIEP\VISION-MATE\VISION-MATE\venv\Lib\site-packages\flask\app.py", line 1484, in full_dispatch_request
    rv = self.dispatch_request()
         ^^^^^^^^^^^^^^^^^^^^^^^
  File "D:\KHOA_LUAN_TOT_NGHIEP\VISION-MATE\VISION-MATE\venv\Lib\site-packages\flask\app.py", line 1469, in dispatch_request
    return self.ensure_sync(self.view_functions[rule.endpoint])(**view_args)
           ^^^^^^^^^^^^^^^^^^^^^^^^^^^^^^^^^^^^^^^^^^^^^^^^^^^^^^^^^^^^^^^^^
  File "d:\KHOA_LUAN_TOT_NGHIEP\VISION-MATE\VISION-MATE\app.py", line 1280, in stream
    return Response(rtsp_stream(RTSP_URL),
                    ^^^^^^^^^^^
NameError: name 'rtsp_stream' is not defined
2025-12-19 19:40:38,257 - werkzeug - INFO - 127.0.0.1 - - [19/Dec/2025 19:40:38] "[35m[1mGET /stream?t=1766148037965 HTTP/1.1[0m" 500 -
2025-12-19 19:40:38,267 - __main__ - WARNING - High memory usage: 535.5MB
2025-12-19 19:40:38,382 - __main__ - ERROR - Unhandled exception: name 'rtsp_stream' is not defined
Traceback (most recent call last):
  File "D:\KHOA_LUAN_TOT_NGHIEP\VISION-MATE\VISION-MATE\venv\Lib\site-packages\flask\app.py", line 1484, in full_dispatch_request
    rv = self.dispatch_request()
         ^^^^^^^^^^^^^^^^^^^^^^^
  File "D:\KHOA_LUAN_TOT_NGHIEP\VISION-MATE\VISION-MATE\venv\Lib\site-packages\flask\app.py", line 1469, in dispatch_request
    return self.ensure_sync(self.view_functions[rule.endpoint])(**view_args)
           ^^^^^^^^^^^^^^^^^^^^^^^^^^^^^^^^^^^^^^^^^^^^^^^^^^^^^^^^^^^^^^^^^
  File "d:\KHOA_LUAN_TOT_NGHIEP\VISION-MATE\VISION-MATE\app.py", line 1280, in stream
    return Response(rtsp_stream(RTSP_URL),
                    ^^^^^^^^^^^
NameError: name 'rtsp_stream' is not defined
2025-12-19 19:40:38,392 - werkzeug - INFO - 127.0.0.1 - - [19/Dec/2025 19:40:38] "[35m[1mGET /stream?t=1766148038266 HTTP/1.1[0m" 500 -
2025-12-19 19:40:38,575 - __main__ - WARNING - High memory usage: 535.5MB
2025-12-19 19:40:38,693 - __main__ - ERROR - Unhandled exception: name 'rtsp_stream' is not defined
Traceback (most recent call last):
  File "D:\KHOA_LUAN_TOT_NGHIEP\VISION-MATE\VISION-MATE\venv\Lib\site-packages\flask\app.py", line 1484, in full_dispatch_request
    rv = self.dispatch_request()
         ^^^^^^^^^^^^^^^^^^^^^^^
  File "D:\KHOA_LUAN_TOT_NGHIEP\VISION-MATE\VISION-MATE\venv\Lib\site-packages\flask\app.py", line 1469, in dispatch_request
    return self.ensure_sync(self.view_functions[rule.endpoint])(**view_args)
           ^^^^^^^^^^^^^^^^^^^^^^^^^^^^^^^^^^^^^^^^^^^^^^^^^^^^^^^^^^^^^^^^^
  File "d:\KHOA_LUAN_TOT_NGHIEP\VISION-MATE\VISION-MATE\app.py", line 1280, in stream
    return Response(rtsp_stream(RTSP_URL),
                    ^^^^^^^^^^^
NameError: name 'rtsp_stream' is not defined
2025-12-19 19:40:38,698 - werkzeug - INFO - 127.0.0.1 - - [19/Dec/2025 19:40:38] "[35m[1mGET /stream?t=1766148038394 HTTP/1.1[0m" 500 -
2025-12-19 19:40:38,699 - __main__ - WARNING - High memory usage: 535.5MB
2025-12-19 19:40:38,816 - __main__ - ERROR - Unhandled exception: name 'rtsp_stream' is not defined
Traceback (most recent call last):
  File "D:\KHOA_LUAN_TOT_NGHIEP\VISION-MATE\VISION-MATE\venv\Lib\site-packages\flask\app.py", line 1484, in full_dispatch_request
    rv = self.dispatch_request()
         ^^^^^^^^^^^^^^^^^^^^^^^
  File "D:\KHOA_LUAN_TOT_NGHIEP\VISION-MATE\VISION-MATE\venv\Lib\site-packages\flask\app.py", line 1469, in dispatch_request
    return self.ensure_sync(self.view_functions[rule.endpoint])(**view_args)
           ^^^^^^^^^^^^^^^^^^^^^^^^^^^^^^^^^^^^^^^^^^^^^^^^^^^^^^^^^^^^^^^^^
  File "d:\KHOA_LUAN_TOT_NGHIEP\VISION-MATE\VISION-MATE\app.py", line 1280, in stream
    return Response(rtsp_stream(RTSP_URL),
                    ^^^^^^^^^^^
NameError: name 'rtsp_stream' is not defined
2025-12-19 19:40:38,816 - werkzeug - INFO - 127.0.0.1 - - [19/Dec/2025 19:40:38] "[35m[1mGET /stream?t=1766148038701 HTTP/1.1[0m" 500 -
2025-12-19 19:40:39,136 - __main__ - WARNING - High memory usage: 535.5MB
2025-12-19 19:40:39,256 - __main__ - ERROR - Unhandled exception: name 'rtsp_stream' is not defined
Traceback (most recent call last):
  File "D:\KHOA_LUAN_TOT_NGHIEP\VISION-MATE\VISION-MATE\venv\Lib\site-packages\flask\app.py", line 1484, in full_dispatch_request
    rv = self.dispatch_request()
         ^^^^^^^^^^^^^^^^^^^^^^^
  File "D:\KHOA_LUAN_TOT_NGHIEP\VISION-MATE\VISION-MATE\venv\Lib\site-packages\flask\app.py", line 1469, in dispatch_request
    return self.ensure_sync(self.view_functions[rule.endpoint])(**view_args)
           ^^^^^^^^^^^^^^^^^^^^^^^^^^^^^^^^^^^^^^^^^^^^^^^^^^^^^^^^^^^^^^^^^
  File "d:\KHOA_LUAN_TOT_NGHIEP\VISION-MATE\VISION-MATE\app.py", line 1280, in stream
    return Response(rtsp_stream(RTSP_URL),
                    ^^^^^^^^^^^
NameError: name 'rtsp_stream' is not defined
2025-12-19 19:40:39,258 - werkzeug - INFO - 127.0.0.1 - - [19/Dec/2025 19:40:39] "[35m[1mGET /stream?t=1766148038831 HTTP/1.1[0m" 500 -
2025-12-19 19:40:39,416 - __main__ - WARNING - High memory usage: 535.5MB
2025-12-19 19:40:39,601 - __main__ - ERROR - Unhandled exception: name 'rtsp_stream' is not defined
Traceback (most recent call last):
  File "D:\KHOA_LUAN_TOT_NGHIEP\VISION-MATE\VISION-MATE\venv\Lib\site-packages\flask\app.py", line 1484, in full_dispatch_request
    rv = self.dispatch_request()
         ^^^^^^^^^^^^^^^^^^^^^^^
  File "D:\KHOA_LUAN_TOT_NGHIEP\VISION-MATE\VISION-MATE\venv\Lib\site-packages\flask\app.py", line 1469, in dispatch_request
    return self.ensure_sync(self.view_functions[rule.endpoint])(**view_args)
           ^^^^^^^^^^^^^^^^^^^^^^^^^^^^^^^^^^^^^^^^^^^^^^^^^^^^^^^^^^^^^^^^^
  File "d:\KHOA_LUAN_TOT_NGHIEP\VISION-MATE\VISION-MATE\app.py", line 1280, in stream
    return Response(rtsp_stream(RTSP_URL),
                    ^^^^^^^^^^^
NameError: name 'rtsp_stream' is not defined
2025-12-19 19:40:39,604 - werkzeug - INFO - 127.0.0.1 - - [19/Dec/2025 19:40:39] "[35m[1mGET /stream?t=1766148039262 HTTP/1.1[0m" 500 -
2025-12-19 19:40:39,609 - __main__ - WARNING - High memory usage: 535.6MB
2025-12-19 19:40:39,752 - __main__ - ERROR - Unhandled exception: name 'rtsp_stream' is not defined
Traceback (most recent call last):
  File "D:\KHOA_LUAN_TOT_NGHIEP\VISION-MATE\VISION-MATE\venv\Lib\site-packages\flask\app.py", line 1484, in full_dispatch_request
    rv = self.dispatch_request()
         ^^^^^^^^^^^^^^^^^^^^^^^
  File "D:\KHOA_LUAN_TOT_NGHIEP\VISION-MATE\VISION-MATE\venv\Lib\site-packages\flask\app.py", line 1469, in dispatch_request
    return self.ensure_sync(self.view_functions[rule.endpoint])(**view_args)
           ^^^^^^^^^^^^^^^^^^^^^^^^^^^^^^^^^^^^^^^^^^^^^^^^^^^^^^^^^^^^^^^^^
  File "d:\KHOA_LUAN_TOT_NGHIEP\VISION-MATE\VISION-MATE\app.py", line 1280, in stream
    return Response(rtsp_stream(RTSP_URL),
                    ^^^^^^^^^^^
NameError: name 'rtsp_stream' is not defined
2025-12-19 19:40:39,754 - werkzeug - INFO - 127.0.0.1 - - [19/Dec/2025 19:40:39] "[35m[1mGET /stream?t=1766148039606 HTTP/1.1[0m" 500 -
2025-12-19 19:40:40,083 - __main__ - WARNING - High memory usage: 535.5MB
2025-12-19 19:40:40,198 - __main__ - ERROR - Unhandled exception: name 'rtsp_stream' is not defined
Traceback (most recent call last):
  File "D:\KHOA_LUAN_TOT_NGHIEP\VISION-MATE\VISION-MATE\venv\Lib\site-packages\flask\app.py", line 1484, in full_dispatch_request
    rv = self.dispatch_request()
         ^^^^^^^^^^^^^^^^^^^^^^^
  File "D:\KHOA_LUAN_TOT_NGHIEP\VISION-MATE\VISION-MATE\venv\Lib\site-packages\flask\app.py", line 1469, in dispatch_request
    return self.ensure_sync(self.view_functions[rule.endpoint])(**view_args)
           ^^^^^^^^^^^^^^^^^^^^^^^^^^^^^^^^^^^^^^^^^^^^^^^^^^^^^^^^^^^^^^^^^
  File "d:\KHOA_LUAN_TOT_NGHIEP\VISION-MATE\VISION-MATE\app.py", line 1280, in stream
    return Response(rtsp_stream(RTSP_URL),
                    ^^^^^^^^^^^
NameError: name 'rtsp_stream' is not defined
2025-12-19 19:40:40,198 - werkzeug - INFO - 127.0.0.1 - - [19/Dec/2025 19:40:40] "[35m[1mGET /stream?t=1766148039756 HTTP/1.1[0m" 500 -
2025-12-19 19:40:40,330 - __main__ - WARNING - High memory usage: 535.5MB
2025-12-19 19:40:40,441 - __main__ - ERROR - Unhandled exception: name 'rtsp_stream' is not defined
Traceback (most recent call last):
  File "D:\KHOA_LUAN_TOT_NGHIEP\VISION-MATE\VISION-MATE\venv\Lib\site-packages\flask\app.py", line 1484, in full_dispatch_request
    rv = self.dispatch_request()
         ^^^^^^^^^^^^^^^^^^^^^^^
  File "D:\KHOA_LUAN_TOT_NGHIEP\VISION-MATE\VISION-MATE\venv\Lib\site-packages\flask\app.py", line 1469, in dispatch_request
    return self.ensure_sync(self.view_functions[rule.endpoint])(**view_args)
           ^^^^^^^^^^^^^^^^^^^^^^^^^^^^^^^^^^^^^^^^^^^^^^^^^^^^^^^^^^^^^^^^^
  File "d:\KHOA_LUAN_TOT_NGHIEP\VISION-MATE\VISION-MATE\app.py", line 1280, in stream
    return Response(rtsp_stream(RTSP_URL),
                    ^^^^^^^^^^^
NameError: name 'rtsp_stream' is not defined
2025-12-19 19:40:40,442 - werkzeug - INFO - 127.0.0.1 - - [19/Dec/2025 19:40:40] "[35m[1mGET /stream?t=1766148040202 HTTP/1.1[0m" 500 -
2025-12-19 19:40:40,517 - __main__ - WARNING - High memory usage: 535.5MB
2025-12-19 19:40:40,617 - __main__ - ERROR - Unhandled exception: name 'rtsp_stream' is not defined
Traceback (most recent call last):
  File "D:\KHOA_LUAN_TOT_NGHIEP\VISION-MATE\VISION-MATE\venv\Lib\site-packages\flask\app.py", line 1484, in full_dispatch_request
    rv = self.dispatch_request()
         ^^^^^^^^^^^^^^^^^^^^^^^
  File "D:\KHOA_LUAN_TOT_NGHIEP\VISION-MATE\VISION-MATE\venv\Lib\site-packages\flask\app.py", line 1469, in dispatch_request
    return self.ensure_sync(self.view_functions[rule.endpoint])(**view_args)
           ^^^^^^^^^^^^^^^^^^^^^^^^^^^^^^^^^^^^^^^^^^^^^^^^^^^^^^^^^^^^^^^^^
  File "d:\KHOA_LUAN_TOT_NGHIEP\VISION-MATE\VISION-MATE\app.py", line 1280, in stream
    return Response(rtsp_stream(RTSP_URL),
                    ^^^^^^^^^^^
NameError: name 'rtsp_stream' is not defined
2025-12-19 19:40:40,619 - werkzeug - INFO - 127.0.0.1 - - [19/Dec/2025 19:40:40] "[35m[1mGET /stream?t=1766148040444 HTTP/1.1[0m" 500 -
2025-12-19 19:40:40,750 - __main__ - WARNING - High memory usage: 535.5MB
2025-12-19 19:40:40,858 - __main__ - ERROR - Unhandled exception: name 'rtsp_stream' is not defined
Traceback (most recent call last):
  File "D:\KHOA_LUAN_TOT_NGHIEP\VISION-MATE\VISION-MATE\venv\Lib\site-packages\flask\app.py", line 1484, in full_dispatch_request
    rv = self.dispatch_request()
         ^^^^^^^^^^^^^^^^^^^^^^^
  File "D:\KHOA_LUAN_TOT_NGHIEP\VISION-MATE\VISION-MATE\venv\Lib\site-packages\flask\app.py", line 1469, in dispatch_request
    return self.ensure_sync(self.view_functions[rule.endpoint])(**view_args)
           ^^^^^^^^^^^^^^^^^^^^^^^^^^^^^^^^^^^^^^^^^^^^^^^^^^^^^^^^^^^^^^^^^
  File "d:\KHOA_LUAN_TOT_NGHIEP\VISION-MATE\VISION-MATE\app.py", line 1280, in stream
    return Response(rtsp_stream(RTSP_URL),
                    ^^^^^^^^^^^
NameError: name 'rtsp_stream' is not defined
2025-12-19 19:40:40,859 - werkzeug - INFO - 127.0.0.1 - - [19/Dec/2025 19:40:40] "[35m[1mGET /stream?t=1766148040622 HTTP/1.1[0m" 500 -
2025-12-19 19:40:40,932 - __main__ - WARNING - High memory usage: 535.5MB
2025-12-19 19:40:41,032 - __main__ - ERROR - Unhandled exception: name 'rtsp_stream' is not defined
Traceback (most recent call last):
  File "D:\KHOA_LUAN_TOT_NGHIEP\VISION-MATE\VISION-MATE\venv\Lib\site-packages\flask\app.py", line 1484, in full_dispatch_request
    rv = self.dispatch_request()
         ^^^^^^^^^^^^^^^^^^^^^^^
  File "D:\KHOA_LUAN_TOT_NGHIEP\VISION-MATE\VISION-MATE\venv\Lib\site-packages\flask\app.py", line 1469, in dispatch_request
    return self.ensure_sync(self.view_functions[rule.endpoint])(**view_args)
           ^^^^^^^^^^^^^^^^^^^^^^^^^^^^^^^^^^^^^^^^^^^^^^^^^^^^^^^^^^^^^^^^^
  File "d:\KHOA_LUAN_TOT_NGHIEP\VISION-MATE\VISION-MATE\app.py", line 1280, in stream
    return Response(rtsp_stream(RTSP_URL),
                    ^^^^^^^^^^^
NameError: name 'rtsp_stream' is not defined
2025-12-19 19:40:41,032 - werkzeug - INFO - 127.0.0.1 - - [19/Dec/2025 19:40:41] "[35m[1mGET /stream?t=1766148040861 HTTP/1.1[0m" 500 -
2025-12-19 19:47:39,632 - __main__ - INFO - ✅ Import face_db successful
2025-12-19 19:47:44,082 - tensorflow - WARNING - From D:\KHOA_LUAN_TOT_NGHIEP\VISION-MATE\VISION-MATE\venv\Lib\site-packages\tf_keras\src\losses.py:2976: The name tf.losses.sparse_softmax_cross_entropy is deprecated. Please use tf.compat.v1.losses.sparse_softmax_cross_entropy instead.

2025-12-19 19:47:47,757 - __main__ - ERROR - ❌ Import face_model failed: name 'threading' is not defined
2025-12-19 19:47:47,759 - __main__ - INFO - ✅ Import UserModel class successful
2025-12-19 19:47:47,760 - __main__ - INFO - ✅ Import device_db successful
2025-12-19 19:47:47,791 - __main__ - INFO - ✅ Import history_db successful
2025-12-19 19:47:47,794 - __main__ - INFO - ✅ Import alert_db successful
2025-12-19 19:47:47,797 - __main__ - INFO - ✅ Import location_model successful
2025-12-19 19:56:53,601 - tensorflow - WARNING - From D:\KHOA_LUAN_TOT_NGHIEP\VISION-MATE\VISION-MATE\venv\Lib\site-packages\tf_keras\src\losses.py:2976: The name tf.losses.sparse_softmax_cross_entropy is deprecated. Please use tf.compat.v1.losses.sparse_softmax_cross_entropy instead.

2025-12-19 19:56:57,236 - werkzeug - INFO - [31m[1mWARNING: This is a development server. Do not use it in a production deployment. Use a production WSGI server instead.[0m
 * Running on all addresses (0.0.0.0)
 * Running on http://127.0.0.1:5000
 * Running on http://172.20.10.3:5000
2025-12-19 19:56:57,237 - werkzeug - INFO - [33mPress CTRL+C to quit[0m
2025-12-19 19:56:57,237 - werkzeug - INFO -  * Restarting with stat
2025-12-19 19:57:02,338 - tensorflow - WARNING - From D:\KHOA_LUAN_TOT_NGHIEP\VISION-MATE\VISION-MATE\venv\Lib\site-packages\tf_keras\src\losses.py:2976: The name tf.losses.sparse_softmax_cross_entropy is deprecated. Please use tf.compat.v1.losses.sparse_softmax_cross_entropy instead.

2025-12-19 19:57:07,389 - werkzeug - WARNING -  * Debugger is active!
2025-12-19 19:57:07,392 - werkzeug - INFO -  * Debugger PIN: 199-301-431
2025-12-19 19:57:07,640 - werkzeug - INFO - 127.0.0.1 - - [19/Dec/2025 19:57:07] "GET /dashboard HTTP/1.1" 200 -
2025-12-19 19:57:07,668 - werkzeug - INFO - 127.0.0.1 - - [19/Dec/2025 19:57:07] "GET /stream HTTP/1.1" 200 -
2025-12-19 19:57:07,990 - werkzeug - INFO - 127.0.0.1 - - [19/Dec/2025 19:57:07] "GET /socket.io/?EIO=4&transport=polling&t=PishtTZ HTTP/1.1" 200 -
2025-12-19 19:57:07,990 - werkzeug - INFO - 127.0.0.1 - - [19/Dec/2025 19:57:07] "GET /api/get-latest-location HTTP/1.1" 200 -
2025-12-19 19:57:08,237 - werkzeug - INFO - 127.0.0.1 - - [19/Dec/2025 19:57:08] "POST /socket.io/?EIO=4&transport=polling&t=PishtYS&sid=OHamq2oFjqt4WPeJAAAA HTTP/1.1" 200 -
2025-12-19 19:57:08,308 - werkzeug - INFO - 127.0.0.1 - - [19/Dec/2025 19:57:08] "GET /socket.io/?EIO=4&transport=polling&t=PishtYT&sid=OHamq2oFjqt4WPeJAAAA HTTP/1.1" 200 -
2025-12-19 19:57:08,316 - werkzeug - INFO - 127.0.0.1 - - [19/Dec/2025 19:57:08] "GET /socket.io/?EIO=4&transport=polling&t=PishtdQ&sid=OHamq2oFjqt4WPeJAAAA HTTP/1.1" 200 -
2025-12-19 19:57:10,538 - werkzeug - INFO - 100.93.7.42 - - [19/Dec/2025 19:57:10] "POST /api/device/heartbeat HTTP/1.1" 200 -
2025-12-19 19:57:28,893 - werkzeug - INFO - 127.0.0.1 - - [19/Dec/2025 19:57:28] "GET /socket.io/?EIO=4&transport=websocket&sid=OHamq2oFjqt4WPeJAAAA HTTP/1.1" 200 -
2025-12-19 19:57:29,204 - werkzeug - INFO - 127.0.0.1 - - [19/Dec/2025 19:57:29] "GET /dashboard HTTP/1.1" 200 -
2025-12-19 19:57:29,469 - werkzeug - INFO - 127.0.0.1 - - [19/Dec/2025 19:57:29] "GET /socket.io/?EIO=4&transport=polling&t=PishykT HTTP/1.1" 200 -
2025-12-19 19:57:29,554 - werkzeug - INFO - 127.0.0.1 - - [19/Dec/2025 19:57:29] "POST /socket.io/?EIO=4&transport=polling&t=Pishyo1&sid=HvJZ2_3n2sgH7oXaAAAC HTTP/1.1" 200 -
2025-12-19 19:57:29,554 - werkzeug - INFO - 127.0.0.1 - - [19/Dec/2025 19:57:29] "GET /api/get-latest-location HTTP/1.1" 200 -
2025-12-19 19:57:29,554 - werkzeug - INFO - 127.0.0.1 - - [19/Dec/2025 19:57:29] "GET /socket.io/?EIO=4&transport=polling&t=Pishyo2&sid=HvJZ2_3n2sgH7oXaAAAC HTTP/1.1" 200 -
2025-12-19 19:57:29,792 - werkzeug - INFO - 127.0.0.1 - - [19/Dec/2025 19:57:29] "GET /stream HTTP/1.1" 200 -
2025-12-19 19:57:29,792 - werkzeug - INFO - 127.0.0.1 - - [19/Dec/2025 19:57:29] "GET /socket.io/?EIO=4&transport=polling&t=PishypO&sid=HvJZ2_3n2sgH7oXaAAAC HTTP/1.1" 200 -
2025-12-19 19:57:29,872 - werkzeug - INFO - 127.0.0.1 - - [19/Dec/2025 19:57:29] "GET /stream?t=1766149049794 HTTP/1.1" 200 -
2025-12-19 19:57:30,104 - werkzeug - INFO - 127.0.0.1 - - [19/Dec/2025 19:57:30] "GET /stream?t=1766149049875 HTTP/1.1" 200 -
2025-12-19 19:57:30,189 - werkzeug - INFO - 127.0.0.1 - - [19/Dec/2025 19:57:30] "GET /stream?t=1766149050109 HTTP/1.1" 200 -
2025-12-19 19:57:30,422 - werkzeug - INFO - 127.0.0.1 - - [19/Dec/2025 19:57:30] "GET /stream?t=1766149050193 HTTP/1.1" 200 -
2025-12-19 19:57:30,505 - werkzeug - INFO - 127.0.0.1 - - [19/Dec/2025 19:57:30] "GET /stream?t=1766149050426 HTTP/1.1" 200 -
2025-12-19 19:57:30,756 - werkzeug - INFO - 127.0.0.1 - - [19/Dec/2025 19:57:30] "GET /stream?t=1766149050507 HTTP/1.1" 200 -
2025-12-19 19:57:30,821 - werkzeug - INFO - 127.0.0.1 - - [19/Dec/2025 19:57:30] "GET /stream?t=1766149050759 HTTP/1.1" 200 -
2025-12-19 19:57:31,075 - werkzeug - INFO - 127.0.0.1 - - [19/Dec/2025 19:57:31] "GET /stream?t=1766149050825 HTTP/1.1" 200 -
2025-12-19 19:57:31,137 - werkzeug - INFO - 127.0.0.1 - - [19/Dec/2025 19:57:31] "GET /stream?t=1766149051077 HTTP/1.1" 200 -
2025-12-19 19:57:31,382 - werkzeug - INFO - 127.0.0.1 - - [19/Dec/2025 19:57:31] "GET /stream?t=1766149051143 HTTP/1.1" 200 -
2025-12-19 19:57:31,455 - werkzeug - INFO - 127.0.0.1 - - [19/Dec/2025 19:57:31] "GET /stream?t=1766149051386 HTTP/1.1" 200 -
2025-12-19 19:57:31,704 - werkzeug - INFO - 127.0.0.1 - - [19/Dec/2025 19:57:31] "GET /stream?t=1766149051459 HTTP/1.1" 200 -
2025-12-19 19:57:31,770 - werkzeug - INFO - 127.0.0.1 - - [19/Dec/2025 19:57:31] "GET /stream?t=1766149051709 HTTP/1.1" 200 -
2025-12-19 19:57:32,020 - werkzeug - INFO - 127.0.0.1 - - [19/Dec/2025 19:57:32] "GET /stream?t=1766149051776 HTTP/1.1" 200 -
2025-12-19 19:57:32,088 - werkzeug - INFO - 127.0.0.1 - - [19/Dec/2025 19:57:32] "GET /stream?t=1766149052024 HTTP/1.1" 200 -
2025-12-19 19:57:32,337 - werkzeug - INFO - 127.0.0.1 - - [19/Dec/2025 19:57:32] "GET /stream?t=1766149052092 HTTP/1.1" 200 -
2025-12-19 19:57:32,405 - werkzeug - INFO - 127.0.0.1 - - [19/Dec/2025 19:57:32] "GET /stream?t=1766149052343 HTTP/1.1" 200 -
2025-12-19 19:57:32,654 - werkzeug - INFO - 127.0.0.1 - - [19/Dec/2025 19:57:32] "GET /stream?t=1766149052409 HTTP/1.1" 200 -
2025-12-19 19:57:32,719 - werkzeug - INFO - 127.0.0.1 - - [19/Dec/2025 19:57:32] "GET /stream?t=1766149052657 HTTP/1.1" 200 -
2025-12-19 19:57:32,970 - werkzeug - INFO - 127.0.0.1 - - [19/Dec/2025 19:57:32] "GET /stream?t=1766149052722 HTTP/1.1" 200 -
2025-12-19 19:57:33,037 - werkzeug - INFO - 127.0.0.1 - - [19/Dec/2025 19:57:33] "GET /stream?t=1766149052976 HTTP/1.1" 200 -
2025-12-19 19:57:33,285 - werkzeug - INFO - 127.0.0.1 - - [19/Dec/2025 19:57:33] "GET /stream?t=1766149053041 HTTP/1.1" 200 -
2025-12-19 19:57:33,353 - werkzeug - INFO - 127.0.0.1 - - [19/Dec/2025 19:57:33] "GET /stream?t=1766149053300 HTTP/1.1" 200 -
2025-12-19 19:57:33,621 - werkzeug - INFO - 127.0.0.1 - - [19/Dec/2025 19:57:33] "GET /stream?t=1766149053356 HTTP/1.1" 200 -
2025-12-19 19:57:33,670 - werkzeug - INFO - 127.0.0.1 - - [19/Dec/2025 19:57:33] "GET /stream?t=1766149053624 HTTP/1.1" 200 -
2025-12-19 19:57:33,937 - werkzeug - INFO - 127.0.0.1 - - [19/Dec/2025 19:57:33] "GET /stream?t=1766149053674 HTTP/1.1" 200 -
2025-12-19 19:57:33,991 - werkzeug - INFO - 127.0.0.1 - - [19/Dec/2025 19:57:33] "GET /stream?t=1766149053940 HTTP/1.1" 200 -
2025-12-19 19:57:34,253 - werkzeug - INFO - 127.0.0.1 - - [19/Dec/2025 19:57:34] "GET /stream?t=1766149053994 HTTP/1.1" 200 -
2025-12-19 19:57:34,303 - werkzeug - INFO - 127.0.0.1 - - [19/Dec/2025 19:57:34] "GET /stream?t=1766149054256 HTTP/1.1" 200 -
2025-12-19 19:57:34,569 - werkzeug - INFO - 127.0.0.1 - - [19/Dec/2025 19:57:34] "GET /stream?t=1766149054308 HTTP/1.1" 200 -
2025-12-19 19:57:34,641 - werkzeug - INFO - 127.0.0.1 - - [19/Dec/2025 19:57:34] "GET /stream?t=1766149054572 HTTP/1.1" 200 -
2025-12-19 19:57:34,889 - werkzeug - INFO - 127.0.0.1 - - [19/Dec/2025 19:57:34] "GET /stream?t=1766149054660 HTTP/1.1" 200 -
2025-12-19 19:57:34,970 - werkzeug - INFO - 127.0.0.1 - - [19/Dec/2025 19:57:34] "GET /stream?t=1766149054892 HTTP/1.1" 200 -
2025-12-19 19:57:35,203 - werkzeug - INFO - 127.0.0.1 - - [19/Dec/2025 19:57:35] "GET /stream?t=1766149054972 HTTP/1.1" 200 -
2025-12-19 19:57:35,289 - werkzeug - INFO - 127.0.0.1 - - [19/Dec/2025 19:57:35] "GET /stream?t=1766149055209 HTTP/1.1" 200 -
2025-12-19 19:57:35,522 - werkzeug - INFO - 127.0.0.1 - - [19/Dec/2025 19:57:35] "GET /stream?t=1766149055291 HTTP/1.1" 200 -
2025-12-19 19:57:35,604 - werkzeug - INFO - 127.0.0.1 - - [19/Dec/2025 19:57:35] "GET /stream?t=1766149055526 HTTP/1.1" 200 -
2025-12-19 19:57:35,836 - werkzeug - INFO - 127.0.0.1 - - [19/Dec/2025 19:57:35] "GET /stream?t=1766149055606 HTTP/1.1" 200 -
2025-12-19 19:57:35,922 - werkzeug - INFO - 127.0.0.1 - - [19/Dec/2025 19:57:35] "GET /stream?t=1766149055842 HTTP/1.1" 200 -
2025-12-19 19:57:36,155 - werkzeug - INFO - 127.0.0.1 - - [19/Dec/2025 19:57:36] "GET /stream?t=1766149055924 HTTP/1.1" 200 -
2025-12-19 19:57:36,235 - werkzeug - INFO - 127.0.0.1 - - [19/Dec/2025 19:57:36] "GET /stream?t=1766149056157 HTTP/1.1" 200 -
2025-12-19 19:57:36,472 - werkzeug - INFO - 127.0.0.1 - - [19/Dec/2025 19:57:36] "GET /stream?t=1766149056238 HTTP/1.1" 200 -
2025-12-19 19:57:36,555 - werkzeug - INFO - 127.0.0.1 - - [19/Dec/2025 19:57:36] "GET /stream?t=1766149056474 HTTP/1.1" 200 -
2025-12-19 19:57:36,785 - werkzeug - INFO - 127.0.0.1 - - [19/Dec/2025 19:57:36] "GET /stream?t=1766149056559 HTTP/1.1" 200 -
2025-12-19 19:57:36,870 - werkzeug - INFO - 127.0.0.1 - - [19/Dec/2025 19:57:36] "GET /stream?t=1766149056787 HTTP/1.1" 200 -
2025-12-19 19:57:37,105 - werkzeug - INFO - 127.0.0.1 - - [19/Dec/2025 19:57:37] "GET /stream?t=1766149056872 HTTP/1.1" 200 -
2025-12-19 19:57:37,187 - werkzeug - INFO - 127.0.0.1 - - [19/Dec/2025 19:57:37] "GET /stream?t=1766149057110 HTTP/1.1" 200 -
2025-12-19 19:57:37,418 - werkzeug - INFO - 127.0.0.1 - - [19/Dec/2025 19:57:37] "GET /stream?t=1766149057190 HTTP/1.1" 200 -
2025-12-19 19:57:37,504 - werkzeug - INFO - 127.0.0.1 - - [19/Dec/2025 19:57:37] "GET /stream?t=1766149057420 HTTP/1.1" 200 -
2025-12-19 19:57:37,736 - werkzeug - INFO - 127.0.0.1 - - [19/Dec/2025 19:57:37] "GET /stream?t=1766149057507 HTTP/1.1" 200 -
2025-12-19 19:57:37,816 - werkzeug - INFO - 127.0.0.1 - - [19/Dec/2025 19:57:37] "GET /stream?t=1766149057741 HTTP/1.1" 200 -
2025-12-19 19:57:38,054 - werkzeug - INFO - 127.0.0.1 - - [19/Dec/2025 19:57:38] "GET /stream?t=1766149057828 HTTP/1.1" 200 -
2025-12-19 19:57:38,139 - werkzeug - INFO - 127.0.0.1 - - [19/Dec/2025 19:57:38] "GET /stream?t=1766149058057 HTTP/1.1" 200 -
2025-12-19 19:57:38,372 - werkzeug - INFO - 127.0.0.1 - - [19/Dec/2025 19:57:38] "GET /stream?t=1766149058142 HTTP/1.1" 200 -
2025-12-19 19:57:38,453 - werkzeug - INFO - 127.0.0.1 - - [19/Dec/2025 19:57:38] "GET /stream?t=1766149058375 HTTP/1.1" 200 -
2025-12-19 19:57:38,688 - werkzeug - INFO - 127.0.0.1 - - [19/Dec/2025 19:57:38] "GET /stream?t=1766149058455 HTTP/1.1" 200 -
2025-12-19 19:57:38,771 - werkzeug - INFO - 127.0.0.1 - - [19/Dec/2025 19:57:38] "GET /stream?t=1766149058692 HTTP/1.1" 200 -
2025-12-19 19:57:39,002 - werkzeug - INFO - 127.0.0.1 - - [19/Dec/2025 19:57:39] "GET /stream?t=1766149058773 HTTP/1.1" 200 -
2025-12-19 19:57:39,084 - werkzeug - INFO - 127.0.0.1 - - [19/Dec/2025 19:57:39] "GET /stream?t=1766149059009 HTTP/1.1" 200 -
2025-12-19 19:57:39,321 - werkzeug - INFO - 127.0.0.1 - - [19/Dec/2025 19:57:39] "GET /stream?t=1766149059087 HTTP/1.1" 200 -
2025-12-19 19:57:39,404 - werkzeug - INFO - 127.0.0.1 - - [19/Dec/2025 19:57:39] "GET /stream?t=1766149059325 HTTP/1.1" 200 -
2025-12-19 19:57:39,636 - werkzeug - INFO - 127.0.0.1 - - [19/Dec/2025 19:57:39] "GET /stream?t=1766149059407 HTTP/1.1" 200 -
2025-12-19 19:57:39,720 - werkzeug - INFO - 127.0.0.1 - - [19/Dec/2025 19:57:39] "GET /stream?t=1766149059639 HTTP/1.1" 200 -
2025-12-19 19:57:39,954 - werkzeug - INFO - 127.0.0.1 - - [19/Dec/2025 19:57:39] "GET /stream?t=1766149059722 HTTP/1.1" 200 -
2025-12-19 19:57:40,038 - werkzeug - INFO - 127.0.0.1 - - [19/Dec/2025 19:57:40] "GET /stream?t=1766149059957 HTTP/1.1" 200 -
2025-12-19 19:57:40,261 - werkzeug - INFO - 127.0.0.1 - - [19/Dec/2025 19:57:40] "GET /stream?t=1766149060040 HTTP/1.1" 200 -
2025-12-19 19:57:40,353 - werkzeug - INFO - 127.0.0.1 - - [19/Dec/2025 19:57:40] "GET /stream?t=1766149060264 HTTP/1.1" 200 -
2025-12-19 19:57:40,574 - werkzeug - INFO - 127.0.0.1 - - [19/Dec/2025 19:57:40] "GET /stream?t=1766149060356 HTTP/1.1" 200 -
2025-12-19 19:57:40,670 - werkzeug - INFO - 127.0.0.1 - - [19/Dec/2025 19:57:40] "GET /stream?t=1766149060579 HTTP/1.1" 200 -
2025-12-19 19:57:40,886 - werkzeug - INFO - 127.0.0.1 - - [19/Dec/2025 19:57:40] "GET /stream?t=1766149060672 HTTP/1.1" 200 -
2025-12-19 19:57:40,986 - werkzeug - INFO - 127.0.0.1 - - [19/Dec/2025 19:57:40] "GET /stream?t=1766149060888 HTTP/1.1" 200 -
2025-12-19 19:57:41,202 - werkzeug - INFO - 127.0.0.1 - - [19/Dec/2025 19:57:41] "GET /stream?t=1766149060989 HTTP/1.1" 200 -
2025-12-19 19:57:41,301 - werkzeug - INFO - 127.0.0.1 - - [19/Dec/2025 19:57:41] "GET /stream?t=1766149061209 HTTP/1.1" 200 -
2025-12-19 19:57:41,521 - werkzeug - INFO - 127.0.0.1 - - [19/Dec/2025 19:57:41] "GET /stream?t=1766149061304 HTTP/1.1" 200 -
2025-12-19 19:57:41,621 - werkzeug - INFO - 127.0.0.1 - - [19/Dec/2025 19:57:41] "GET /stream?t=1766149061524 HTTP/1.1" 200 -
2025-12-19 19:57:41,838 - werkzeug - INFO - 127.0.0.1 - - [19/Dec/2025 19:57:41] "GET /stream?t=1766149061624 HTTP/1.1" 200 -
2025-12-19 19:57:41,937 - werkzeug - INFO - 127.0.0.1 - - [19/Dec/2025 19:57:41] "GET /stream?t=1766149061841 HTTP/1.1" 200 -
2025-12-19 19:57:42,153 - werkzeug - INFO - 127.0.0.1 - - [19/Dec/2025 19:57:42] "GET /stream?t=1766149061940 HTTP/1.1" 200 -
2025-12-19 19:57:42,184 - werkzeug - INFO - 100.93.7.42 - - [19/Dec/2025 19:57:42] "POST /api/device/heartbeat HTTP/1.1" 200 -
2025-12-19 19:57:42,253 - werkzeug - INFO - 127.0.0.1 - - [19/Dec/2025 19:57:42] "GET /stream?t=1766149062156 HTTP/1.1" 200 -
2025-12-19 19:57:42,486 - werkzeug - INFO - 127.0.0.1 - - [19/Dec/2025 19:57:42] "GET /stream?t=1766149062256 HTTP/1.1" 200 -
2025-12-19 19:57:42,567 - werkzeug - INFO - 127.0.0.1 - - [19/Dec/2025 19:57:42] "GET /stream?t=1766149062490 HTTP/1.1" 200 -
2025-12-19 19:57:42,802 - werkzeug - INFO - 127.0.0.1 - - [19/Dec/2025 19:57:42] "GET /stream?t=1766149062570 HTTP/1.1" 200 -
2025-12-19 19:57:42,886 - werkzeug - INFO - 127.0.0.1 - - [19/Dec/2025 19:57:42] "GET /stream?t=1766149062807 HTTP/1.1" 200 -
2025-12-19 19:57:43,119 - werkzeug - INFO - 127.0.0.1 - - [19/Dec/2025 19:57:43] "GET /stream?t=1766149062889 HTTP/1.1" 200 -
2025-12-19 19:57:43,203 - werkzeug - INFO - 127.0.0.1 - - [19/Dec/2025 19:57:43] "GET /stream?t=1766149063123 HTTP/1.1" 200 -
2025-12-19 19:57:43,436 - werkzeug - INFO - 127.0.0.1 - - [19/Dec/2025 19:57:43] "GET /stream?t=1766149063206 HTTP/1.1" 200 -
2025-12-19 19:57:43,521 - werkzeug - INFO - 127.0.0.1 - - [19/Dec/2025 19:57:43] "GET /stream?t=1766149063441 HTTP/1.1" 200 -
2025-12-19 19:57:43,755 - werkzeug - INFO - 127.0.0.1 - - [19/Dec/2025 19:57:43] "GET /stream?t=1766149063523 HTTP/1.1" 200 -
2025-12-19 19:57:43,835 - werkzeug - INFO - 127.0.0.1 - - [19/Dec/2025 19:57:43] "GET /stream?t=1766149063758 HTTP/1.1" 200 -
2025-12-19 19:57:44,066 - werkzeug - INFO - 127.0.0.1 - - [19/Dec/2025 19:57:44] "GET /stream?t=1766149063838 HTTP/1.1" 200 -
2025-12-19 19:57:44,145 - werkzeug - INFO - 127.0.0.1 - - [19/Dec/2025 19:57:44] "GET /stream?t=1766149064068 HTTP/1.1" 200 -
2025-12-19 19:57:44,382 - werkzeug - INFO - 127.0.0.1 - - [19/Dec/2025 19:57:44] "GET /stream?t=1766149064147 HTTP/1.1" 200 -
2025-12-19 19:57:44,453 - werkzeug - INFO - 127.0.0.1 - - [19/Dec/2025 19:57:44] "GET /stream?t=1766149064384 HTTP/1.1" 200 -
2025-12-19 19:57:44,702 - werkzeug - INFO - 127.0.0.1 - - [19/Dec/2025 19:57:44] "GET /stream?t=1766149064455 HTTP/1.1" 200 -
2025-12-19 19:57:44,769 - werkzeug - INFO - 127.0.0.1 - - [19/Dec/2025 19:57:44] "GET /stream?t=1766149064707 HTTP/1.1" 200 -
2025-12-19 19:57:45,019 - werkzeug - INFO - 127.0.0.1 - - [19/Dec/2025 19:57:45] "GET /stream?t=1766149064771 HTTP/1.1" 200 -
2025-12-19 19:57:45,085 - werkzeug - INFO - 127.0.0.1 - - [19/Dec/2025 19:57:45] "GET /stream?t=1766149065023 HTTP/1.1" 200 -
2025-12-19 19:57:45,326 - werkzeug - INFO - 127.0.0.1 - - [19/Dec/2025 19:57:45] "GET /stream?t=1766149065090 HTTP/1.1" 200 -
2025-12-19 19:57:45,402 - werkzeug - INFO - 127.0.0.1 - - [19/Dec/2025 19:57:45] "GET /stream?t=1766149065330 HTTP/1.1" 200 -
2025-12-19 19:57:45,646 - werkzeug - INFO - 127.0.0.1 - - [19/Dec/2025 19:57:45] "GET /stream?t=1766149065406 HTTP/1.1" 200 -
2025-12-19 19:57:45,722 - werkzeug - INFO - 127.0.0.1 - - [19/Dec/2025 19:57:45] "GET /stream?t=1766149065650 HTTP/1.1" 200 -
2025-12-19 19:57:45,955 - werkzeug - INFO - 127.0.0.1 - - [19/Dec/2025 19:57:45] "GET /stream?t=1766149065726 HTTP/1.1" 200 -
2025-12-19 19:57:46,040 - werkzeug - INFO - 127.0.0.1 - - [19/Dec/2025 19:57:46] "GET /stream?t=1766149065959 HTTP/1.1" 200 -
2025-12-19 19:57:46,269 - werkzeug - INFO - 127.0.0.1 - - [19/Dec/2025 19:57:46] "GET /stream?t=1766149066043 HTTP/1.1" 200 -
2025-12-19 19:57:46,352 - werkzeug - INFO - 127.0.0.1 - - [19/Dec/2025 19:57:46] "GET /stream?t=1766149066274 HTTP/1.1" 200 -
2025-12-19 19:57:46,585 - werkzeug - INFO - 127.0.0.1 - - [19/Dec/2025 19:57:46] "GET /stream?t=1766149066355 HTTP/1.1" 200 -
2025-12-19 19:57:46,668 - werkzeug - INFO - 127.0.0.1 - - [19/Dec/2025 19:57:46] "GET /stream?t=1766149066587 HTTP/1.1" 200 -
2025-12-19 19:57:46,899 - werkzeug - INFO - 127.0.0.1 - - [19/Dec/2025 19:57:46] "GET /stream?t=1766149066671 HTTP/1.1" 200 -
2025-12-19 19:57:46,986 - werkzeug - INFO - 127.0.0.1 - - [19/Dec/2025 19:57:46] "GET /stream?t=1766149066902 HTTP/1.1" 200 -
2025-12-19 19:57:47,220 - werkzeug - INFO - 127.0.0.1 - - [19/Dec/2025 19:57:47] "GET /stream?t=1766149066988 HTTP/1.1" 200 -
2025-12-19 19:57:47,293 - werkzeug - INFO - 127.0.0.1 - - [19/Dec/2025 19:57:47] "GET /stream?t=1766149067224 HTTP/1.1" 200 -
2025-12-19 19:57:47,536 - werkzeug - INFO - 127.0.0.1 - - [19/Dec/2025 19:57:47] "GET /stream?t=1766149067296 HTTP/1.1" 200 -
2025-12-19 19:57:47,615 - werkzeug - INFO - 127.0.0.1 - - [19/Dec/2025 19:57:47] "GET /stream?t=1766149067540 HTTP/1.1" 200 -
2025-12-19 19:57:47,852 - werkzeug - INFO - 127.0.0.1 - - [19/Dec/2025 19:57:47] "GET /stream?t=1766149067619 HTTP/1.1" 200 -
2025-12-19 19:57:47,935 - werkzeug - INFO - 127.0.0.1 - - [19/Dec/2025 19:57:47] "GET /stream?t=1766149067857 HTTP/1.1" 200 -
2025-12-19 19:57:48,170 - werkzeug - INFO - 127.0.0.1 - - [19/Dec/2025 19:57:48] "GET /stream?t=1766149067937 HTTP/1.1" 200 -
2025-12-19 19:57:48,252 - werkzeug - INFO - 127.0.0.1 - - [19/Dec/2025 19:57:48] "GET /stream?t=1766149068173 HTTP/1.1" 200 -
2025-12-19 19:57:48,487 - werkzeug - INFO - 127.0.0.1 - - [19/Dec/2025 19:57:48] "GET /stream?t=1766149068255 HTTP/1.1" 200 -
2025-12-19 19:57:48,573 - werkzeug - INFO - 127.0.0.1 - - [19/Dec/2025 19:57:48] "GET /stream?t=1766149068491 HTTP/1.1" 200 -
2025-12-19 19:57:48,801 - werkzeug - INFO - 127.0.0.1 - - [19/Dec/2025 19:57:48] "GET /stream?t=1766149068576 HTTP/1.1" 200 -
2025-12-19 19:57:48,886 - werkzeug - INFO - 127.0.0.1 - - [19/Dec/2025 19:57:48] "GET /stream?t=1766149068806 HTTP/1.1" 200 -
2025-12-19 19:57:49,118 - werkzeug - INFO - 127.0.0.1 - - [19/Dec/2025 19:57:49] "GET /stream?t=1766149068888 HTTP/1.1" 200 -
2025-12-19 19:57:49,202 - werkzeug - INFO - 127.0.0.1 - - [19/Dec/2025 19:57:49] "GET /stream?t=1766149069120 HTTP/1.1" 200 -
2025-12-19 19:57:49,431 - werkzeug - INFO - 127.0.0.1 - - [19/Dec/2025 19:57:49] "GET /stream?t=1766149069204 HTTP/1.1" 200 -
2025-12-19 19:57:49,520 - werkzeug - INFO - 127.0.0.1 - - [19/Dec/2025 19:57:49] "GET /stream?t=1766149069435 HTTP/1.1" 200 -
2025-12-19 19:57:49,750 - werkzeug - INFO - 127.0.0.1 - - [19/Dec/2025 19:57:49] "GET /stream?t=1766149069524 HTTP/1.1" 200 -
2025-12-19 19:57:49,831 - werkzeug - INFO - 127.0.0.1 - - [19/Dec/2025 19:57:49] "GET /stream?t=1766149069753 HTTP/1.1" 200 -
2025-12-19 19:57:50,070 - werkzeug - INFO - 127.0.0.1 - - [19/Dec/2025 19:57:50] "GET /stream?t=1766149069834 HTTP/1.1" 200 -
2025-12-19 19:57:50,153 - werkzeug - INFO - 127.0.0.1 - - [19/Dec/2025 19:57:50] "GET /stream?t=1766149070072 HTTP/1.1" 200 -
2025-12-19 19:57:50,382 - werkzeug - INFO - 127.0.0.1 - - [19/Dec/2025 19:57:50] "GET /stream?t=1766149070155 HTTP/1.1" 200 -
2025-12-19 19:57:50,469 - werkzeug - INFO - 127.0.0.1 - - [19/Dec/2025 19:57:50] "GET /stream?t=1766149070384 HTTP/1.1" 200 -
2025-12-19 19:57:50,702 - werkzeug - INFO - 127.0.0.1 - - [19/Dec/2025 19:57:50] "GET /stream?t=1766149070472 HTTP/1.1" 200 -
2025-12-19 19:57:50,784 - werkzeug - INFO - 127.0.0.1 - - [19/Dec/2025 19:57:50] "GET /stream?t=1766149070704 HTTP/1.1" 200 -
2025-12-19 19:57:51,020 - werkzeug - INFO - 127.0.0.1 - - [19/Dec/2025 19:57:51] "GET /stream?t=1766149070786 HTTP/1.1" 200 -
2025-12-19 19:57:51,098 - werkzeug - INFO - 127.0.0.1 - - [19/Dec/2025 19:57:51] "GET /stream?t=1766149071023 HTTP/1.1" 200 -
2025-12-19 19:57:51,329 - werkzeug - INFO - 127.0.0.1 - - [19/Dec/2025 19:57:51] "GET /stream?t=1766149071100 HTTP/1.1" 200 -
2025-12-19 19:57:51,413 - werkzeug - INFO - 127.0.0.1 - - [19/Dec/2025 19:57:51] "GET /stream?t=1766149071333 HTTP/1.1" 200 -
2025-12-19 19:57:51,640 - werkzeug - INFO - 127.0.0.1 - - [19/Dec/2025 19:57:51] "GET /stream?t=1766149071414 HTTP/1.1" 200 -
2025-12-19 19:57:51,721 - werkzeug - INFO - 127.0.0.1 - - [19/Dec/2025 19:57:51] "GET /stream?t=1766149071643 HTTP/1.1" 200 -
2025-12-19 19:57:51,961 - werkzeug - INFO - 127.0.0.1 - - [19/Dec/2025 19:57:51] "GET /stream?t=1766149071723 HTTP/1.1" 200 -
2025-12-19 19:57:52,036 - werkzeug - INFO - 127.0.0.1 - - [19/Dec/2025 19:57:52] "GET /stream?t=1766149071962 HTTP/1.1" 200 -
2025-12-19 19:57:52,273 - werkzeug - INFO - 127.0.0.1 - - [19/Dec/2025 19:57:52] "GET /stream?t=1766149072039 HTTP/1.1" 200 -
2025-12-19 19:57:52,350 - werkzeug - INFO - 127.0.0.1 - - [19/Dec/2025 19:57:52] "GET /stream?t=1766149072276 HTTP/1.1" 200 -
2025-12-19 19:57:52,591 - werkzeug - INFO - 127.0.0.1 - - [19/Dec/2025 19:57:52] "GET /stream?t=1766149072353 HTTP/1.1" 200 -
2025-12-19 19:57:52,668 - werkzeug - INFO - 127.0.0.1 - - [19/Dec/2025 19:57:52] "GET /stream?t=1766149072593 HTTP/1.1" 200 -
2025-12-19 19:57:52,902 - werkzeug - INFO - 127.0.0.1 - - [19/Dec/2025 19:57:52] "GET /stream?t=1766149072671 HTTP/1.1" 200 -
2025-12-19 19:57:52,986 - werkzeug - INFO - 127.0.0.1 - - [19/Dec/2025 19:57:52] "GET /stream?t=1766149072906 HTTP/1.1" 200 -
2025-12-19 19:57:53,219 - werkzeug - INFO - 127.0.0.1 - - [19/Dec/2025 19:57:53] "GET /stream?t=1766149072989 HTTP/1.1" 200 -
2025-12-19 19:57:53,295 - werkzeug - INFO - 127.0.0.1 - - [19/Dec/2025 19:57:53] "GET /stream?t=1766149073223 HTTP/1.1" 200 -
2025-12-19 19:57:53,540 - werkzeug - INFO - 127.0.0.1 - - [19/Dec/2025 19:57:53] "GET /stream?t=1766149073297 HTTP/1.1" 200 -
2025-12-19 19:57:53,602 - werkzeug - INFO - 127.0.0.1 - - [19/Dec/2025 19:57:53] "GET /stream?t=1766149073542 HTTP/1.1" 200 -
2025-12-19 19:57:53,852 - werkzeug - INFO - 127.0.0.1 - - [19/Dec/2025 19:57:53] "GET /stream?t=1766149073604 HTTP/1.1" 200 -
2025-12-19 19:57:53,912 - werkzeug - INFO - 127.0.0.1 - - [19/Dec/2025 19:57:53] "GET /stream?t=1766149073854 HTTP/1.1" 200 -
2025-12-19 19:57:54,161 - werkzeug - INFO - 127.0.0.1 - - [19/Dec/2025 19:57:54] "GET /stream?t=1766149073914 HTTP/1.1" 200 -
2025-12-19 19:57:54,232 - werkzeug - INFO - 127.0.0.1 - - [19/Dec/2025 19:57:54] "GET /stream?t=1766149074164 HTTP/1.1" 200 -
2025-12-19 19:57:54,471 - werkzeug - INFO - 127.0.0.1 - - [19/Dec/2025 19:57:54] "GET /stream?t=1766149074234 HTTP/1.1" 200 -
2025-12-19 19:57:54,549 - werkzeug - INFO - 127.0.0.1 - - [19/Dec/2025 19:57:54] "GET /stream?t=1766149074474 HTTP/1.1" 200 -
2025-12-19 19:57:54,786 - werkzeug - INFO - 127.0.0.1 - - [19/Dec/2025 19:57:54] "GET /stream?t=1766149074552 HTTP/1.1" 200 -
2025-12-19 19:57:54,859 - werkzeug - INFO - 127.0.0.1 - - [19/Dec/2025 19:57:54] "GET /stream?t=1766149074788 HTTP/1.1" 200 -
2025-12-19 19:57:55,100 - werkzeug - INFO - 127.0.0.1 - - [19/Dec/2025 19:57:55] "GET /stream?t=1766149075047 HTTP/1.1" 200 -
2025-12-19 19:57:55,167 - werkzeug - INFO - 127.0.0.1 - - [19/Dec/2025 19:57:55] "GET /stream?t=1766149075103 HTTP/1.1" 200 -
2025-12-19 19:57:55,350 - werkzeug - INFO - 127.0.0.1 - - [19/Dec/2025 19:57:55] "GET /stream?t=1766149075170 HTTP/1.1" 200 -
2025-12-19 19:57:55,418 - werkzeug - INFO - 127.0.0.1 - - [19/Dec/2025 19:57:55] "GET /stream?t=1766149075356 HTTP/1.1" 200 -
2025-12-19 19:57:55,455 - werkzeug - INFO - 127.0.0.1 - - [19/Dec/2025 19:57:55] "GET /socket.io/?EIO=4&transport=websocket&sid=HvJZ2_3n2sgH7oXaAAAC HTTP/1.1" 200 -
2025-12-19 19:57:55,488 - werkzeug - INFO - 127.0.0.1 - - [19/Dec/2025 19:57:55] "GET /dashboard HTTP/1.1" 200 -
2025-12-19 19:57:55,674 - werkzeug - INFO - 127.0.0.1 - - [19/Dec/2025 19:57:55] "GET /socket.io/?EIO=4&transport=polling&t=Pisi38u HTTP/1.1" 200 -
2025-12-19 19:57:55,733 - werkzeug - INFO - 127.0.0.1 - - [19/Dec/2025 19:57:55] "GET /api/get-latest-location HTTP/1.1" 200 -
2025-12-19 19:57:55,770 - werkzeug - INFO - 127.0.0.1 - - [19/Dec/2025 19:57:55] "POST /socket.io/?EIO=4&transport=polling&t=Pisi3BT&sid=P8jEzBGYgrxyxy8IAAAE HTTP/1.1" 200 -
2025-12-19 19:57:55,816 - werkzeug - INFO - 127.0.0.1 - - [19/Dec/2025 19:57:55] "GET /socket.io/?EIO=4&transport=polling&t=Pisi3BU&sid=P8jEzBGYgrxyxy8IAAAE HTTP/1.1" 200 -
2025-12-19 19:57:55,818 - werkzeug - INFO - 127.0.0.1 - - [19/Dec/2025 19:57:55] "GET /stream HTTP/1.1" 200 -
2025-12-19 19:57:55,983 - werkzeug - INFO - 127.0.0.1 - - [19/Dec/2025 19:57:55] "GET /stream?t=1766149075820 HTTP/1.1" 200 -
2025-12-19 19:57:55,983 - werkzeug - INFO - 127.0.0.1 - - [19/Dec/2025 19:57:55] "GET /socket.io/?EIO=4&transport=polling&t=Pisi3Dh&sid=P8jEzBGYgrxyxy8IAAAE HTTP/1.1" 200 -
2025-12-19 19:57:56,136 - werkzeug - INFO - 127.0.0.1 - - [19/Dec/2025 19:57:56] "GET /stream?t=1766149075989 HTTP/1.1" 200 -
2025-12-19 19:57:56,300 - werkzeug - INFO - 127.0.0.1 - - [19/Dec/2025 19:57:56] "GET /stream?t=1766149076139 HTTP/1.1" 200 -
2025-12-19 19:57:56,451 - werkzeug - INFO - 127.0.0.1 - - [19/Dec/2025 19:57:56] "GET /stream?t=1766149076303 HTTP/1.1" 200 -
2025-12-19 19:57:56,618 - werkzeug - INFO - 127.0.0.1 - - [19/Dec/2025 19:57:56] "GET /stream?t=1766149076453 HTTP/1.1" 200 -
2025-12-19 19:57:56,768 - werkzeug - INFO - 127.0.0.1 - - [19/Dec/2025 19:57:56] "GET /stream?t=1766149076621 HTTP/1.1" 200 -
2025-12-19 19:57:56,936 - werkzeug - INFO - 127.0.0.1 - - [19/Dec/2025 19:57:56] "GET /stream?t=1766149076771 HTTP/1.1" 200 -
2025-12-19 19:57:57,080 - werkzeug - INFO - 127.0.0.1 - - [19/Dec/2025 19:57:57] "GET /stream?t=1766149076938 HTTP/1.1" 200 -
2025-12-19 19:57:57,250 - werkzeug - INFO - 127.0.0.1 - - [19/Dec/2025 19:57:57] "GET /stream?t=1766149077082 HTTP/1.1" 200 -
2025-12-19 19:57:57,400 - werkzeug - INFO - 127.0.0.1 - - [19/Dec/2025 19:57:57] "GET /stream?t=1766149077259 HTTP/1.1" 200 -
2025-12-19 19:57:57,567 - werkzeug - INFO - 127.0.0.1 - - [19/Dec/2025 19:57:57] "GET /stream?t=1766149077403 HTTP/1.1" 200 -
2025-12-19 19:57:57,717 - werkzeug - INFO - 127.0.0.1 - - [19/Dec/2025 19:57:57] "GET /stream?t=1766149077570 HTTP/1.1" 200 -
2025-12-19 19:57:57,880 - werkzeug - INFO - 127.0.0.1 - - [19/Dec/2025 19:57:57] "GET /stream?t=1766149077722 HTTP/1.1" 200 -
2025-12-19 19:57:58,026 - werkzeug - INFO - 127.0.0.1 - - [19/Dec/2025 19:57:58] "GET /stream?t=1766149077883 HTTP/1.1" 200 -
2025-12-19 19:57:58,194 - werkzeug - INFO - 127.0.0.1 - - [19/Dec/2025 19:57:58] "GET /stream?t=1766149078028 HTTP/1.1" 200 -
2025-12-19 19:57:58,334 - werkzeug - INFO - 127.0.0.1 - - [19/Dec/2025 19:57:58] "GET /stream?t=1766149078196 HTTP/1.1" 200 -
2025-12-19 19:57:58,502 - werkzeug - INFO - 127.0.0.1 - - [19/Dec/2025 19:57:58] "GET /stream?t=1766149078337 HTTP/1.1" 200 -
2025-12-19 19:57:58,647 - werkzeug - INFO - 127.0.0.1 - - [19/Dec/2025 19:57:58] "GET /stream?t=1766149078511 HTTP/1.1" 200 -
2025-12-19 19:57:58,818 - werkzeug - INFO - 127.0.0.1 - - [19/Dec/2025 19:57:58] "GET /stream?t=1766149078649 HTTP/1.1" 200 -
2025-12-19 19:57:58,970 - werkzeug - INFO - 127.0.0.1 - - [19/Dec/2025 19:57:58] "GET /stream?t=1766149078820 HTTP/1.1" 200 -
2025-12-19 19:57:59,128 - werkzeug - INFO - 127.0.0.1 - - [19/Dec/2025 19:57:59] "GET /stream?t=1766149078972 HTTP/1.1" 200 -
2025-12-19 19:57:59,281 - werkzeug - INFO - 127.0.0.1 - - [19/Dec/2025 19:57:59] "GET /stream?t=1766149079131 HTTP/1.1" 200 -
2025-12-19 19:57:59,435 - werkzeug - INFO - 127.0.0.1 - - [19/Dec/2025 19:57:59] "GET /stream?t=1766149079284 HTTP/1.1" 200 -
2025-12-19 19:57:59,601 - werkzeug - INFO - 127.0.0.1 - - [19/Dec/2025 19:57:59] "GET /stream?t=1766149079437 HTTP/1.1" 200 -
2025-12-19 19:57:59,746 - werkzeug - INFO - 127.0.0.1 - - [19/Dec/2025 19:57:59] "GET /stream?t=1766149079603 HTTP/1.1" 200 -
2025-12-19 19:57:59,913 - werkzeug - INFO - 127.0.0.1 - - [19/Dec/2025 19:57:59] "GET /stream?t=1766149079749 HTTP/1.1" 200 -
2025-12-19 19:58:00,057 - werkzeug - INFO - 127.0.0.1 - - [19/Dec/2025 19:58:00] "GET /stream?t=1766149079914 HTTP/1.1" 200 -
2025-12-19 19:58:00,219 - werkzeug - INFO - 127.0.0.1 - - [19/Dec/2025 19:58:00] "GET /stream?t=1766149080059 HTTP/1.1" 200 -
2025-12-19 19:58:00,369 - werkzeug - INFO - 127.0.0.1 - - [19/Dec/2025 19:58:00] "GET /stream?t=1766149080221 HTTP/1.1" 200 -
2025-12-19 19:58:00,529 - werkzeug - INFO - 127.0.0.1 - - [19/Dec/2025 19:58:00] "GET /stream?t=1766149080373 HTTP/1.1" 200 -
2025-12-19 19:58:00,683 - werkzeug - INFO - 127.0.0.1 - - [19/Dec/2025 19:58:00] "GET /stream?t=1766149080532 HTTP/1.1" 200 -
2025-12-19 19:58:00,851 - werkzeug - INFO - 127.0.0.1 - - [19/Dec/2025 19:58:00] "GET /stream?t=1766149080686 HTTP/1.1" 200 -
2025-12-19 19:58:00,998 - werkzeug - INFO - 127.0.0.1 - - [19/Dec/2025 19:58:00] "GET /stream?t=1766149080854 HTTP/1.1" 200 -
2025-12-19 19:58:01,170 - werkzeug - INFO - 127.0.0.1 - - [19/Dec/2025 19:58:01] "GET /stream?t=1766149081001 HTTP/1.1" 200 -
2025-12-19 19:58:01,306 - werkzeug - INFO - 127.0.0.1 - - [19/Dec/2025 19:58:01] "GET /stream?t=1766149081173 HTTP/1.1" 200 -
2025-12-19 19:58:01,490 - werkzeug - INFO - 127.0.0.1 - - [19/Dec/2025 19:58:01] "GET /stream?t=1766149081310 HTTP/1.1" 200 -
2025-12-19 19:58:01,619 - werkzeug - INFO - 127.0.0.1 - - [19/Dec/2025 19:58:01] "GET /stream?t=1766149081494 HTTP/1.1" 200 -
2025-12-19 19:58:01,815 - werkzeug - INFO - 127.0.0.1 - - [19/Dec/2025 19:58:01] "GET /stream?t=1766149081623 HTTP/1.1" 200 -
2025-12-19 19:58:01,936 - werkzeug - INFO - 127.0.0.1 - - [19/Dec/2025 19:58:01] "GET /stream?t=1766149081818 HTTP/1.1" 200 -
2025-12-19 19:58:02,132 - werkzeug - INFO - 127.0.0.1 - - [19/Dec/2025 19:58:02] "GET /stream?t=1766149081938 HTTP/1.1" 200 -
2025-12-19 19:58:02,249 - werkzeug - INFO - 127.0.0.1 - - [19/Dec/2025 19:58:02] "GET /stream?t=1766149082135 HTTP/1.1" 200 -
2025-12-19 19:58:02,449 - werkzeug - INFO - 127.0.0.1 - - [19/Dec/2025 19:58:02] "GET /stream?t=1766149082253 HTTP/1.1" 200 -
2025-12-19 19:58:02,568 - werkzeug - INFO - 127.0.0.1 - - [19/Dec/2025 19:58:02] "GET /stream?t=1766149082455 HTTP/1.1" 200 -
2025-12-19 19:58:02,766 - werkzeug - INFO - 127.0.0.1 - - [19/Dec/2025 19:58:02] "GET /stream?t=1766149082571 HTTP/1.1" 200 -
2025-12-19 19:58:02,880 - werkzeug - INFO - 127.0.0.1 - - [19/Dec/2025 19:58:02] "GET /stream?t=1766149082768 HTTP/1.1" 200 -
2025-12-19 19:58:03,073 - werkzeug - INFO - 127.0.0.1 - - [19/Dec/2025 19:58:03] "GET /stream?t=1766149082884 HTTP/1.1" 200 -
2025-12-19 19:58:03,196 - werkzeug - INFO - 127.0.0.1 - - [19/Dec/2025 19:58:03] "GET /stream?t=1766149083076 HTTP/1.1" 200 -
2025-12-19 19:58:03,384 - werkzeug - INFO - 127.0.0.1 - - [19/Dec/2025 19:58:03] "GET /stream?t=1766149083199 HTTP/1.1" 200 -
2025-12-19 19:58:03,504 - werkzeug - INFO - 127.0.0.1 - - [19/Dec/2025 19:58:03] "GET /stream?t=1766149083386 HTTP/1.1" 200 -
2025-12-19 19:58:03,701 - werkzeug - INFO - 127.0.0.1 - - [19/Dec/2025 19:58:03] "GET /stream?t=1766149083507 HTTP/1.1" 200 -
2025-12-19 19:58:03,820 - werkzeug - INFO - 127.0.0.1 - - [19/Dec/2025 19:58:03] "GET /stream?t=1766149083706 HTTP/1.1" 200 -
2025-12-19 19:58:04,019 - werkzeug - INFO - 127.0.0.1 - - [19/Dec/2025 19:58:04] "GET /stream?t=1766149083822 HTTP/1.1" 200 -
2025-12-19 19:58:04,139 - werkzeug - INFO - 127.0.0.1 - - [19/Dec/2025 19:58:04] "GET /stream?t=1766149084022 HTTP/1.1" 200 -
2025-12-19 19:58:04,338 - werkzeug - INFO - 127.0.0.1 - - [19/Dec/2025 19:58:04] "GET /stream?t=1766149084141 HTTP/1.1" 200 -
2025-12-19 19:58:04,451 - werkzeug - INFO - 127.0.0.1 - - [19/Dec/2025 19:58:04] "GET /stream?t=1766149084342 HTTP/1.1" 200 -
2025-12-19 19:58:04,649 - werkzeug - INFO - 127.0.0.1 - - [19/Dec/2025 19:58:04] "GET /stream?t=1766149084454 HTTP/1.1" 200 -
2025-12-19 19:58:04,763 - werkzeug - INFO - 127.0.0.1 - - [19/Dec/2025 19:58:04] "GET /stream?t=1766149084653 HTTP/1.1" 200 -
2025-12-19 19:58:04,966 - werkzeug - INFO - 127.0.0.1 - - [19/Dec/2025 19:58:04] "GET /stream?t=1766149084766 HTTP/1.1" 200 -
2025-12-19 19:58:05,072 - werkzeug - INFO - 127.0.0.1 - - [19/Dec/2025 19:58:05] "GET /stream?t=1766149084968 HTTP/1.1" 200 -
2025-12-19 19:58:05,277 - werkzeug - INFO - 127.0.0.1 - - [19/Dec/2025 19:58:05] "GET /stream?t=1766149085073 HTTP/1.1" 200 -
2025-12-19 19:58:05,381 - werkzeug - INFO - 127.0.0.1 - - [19/Dec/2025 19:58:05] "GET /stream?t=1766149085279 HTTP/1.1" 200 -
2025-12-19 19:58:05,587 - werkzeug - INFO - 127.0.0.1 - - [19/Dec/2025 19:58:05] "GET /stream?t=1766149085384 HTTP/1.1" 200 -
2025-12-19 19:58:05,701 - werkzeug - INFO - 127.0.0.1 - - [19/Dec/2025 19:58:05] "GET /stream?t=1766149085589 HTTP/1.1" 200 -
2025-12-19 19:58:05,900 - werkzeug - INFO - 127.0.0.1 - - [19/Dec/2025 19:58:05] "GET /stream?t=1766149085703 HTTP/1.1" 200 -
2025-12-19 19:58:06,014 - werkzeug - INFO - 127.0.0.1 - - [19/Dec/2025 19:58:06] "GET /stream?t=1766149085902 HTTP/1.1" 200 -
2025-12-19 19:58:06,220 - werkzeug - INFO - 127.0.0.1 - - [19/Dec/2025 19:58:06] "GET /stream?t=1766149086017 HTTP/1.1" 200 -
2025-12-19 19:58:06,332 - werkzeug - INFO - 127.0.0.1 - - [19/Dec/2025 19:58:06] "GET /stream?t=1766149086221 HTTP/1.1" 200 -
2025-12-19 19:58:06,529 - werkzeug - INFO - 127.0.0.1 - - [19/Dec/2025 19:58:06] "GET /stream?t=1766149086334 HTTP/1.1" 200 -
2025-12-19 19:58:06,649 - werkzeug - INFO - 127.0.0.1 - - [19/Dec/2025 19:58:06] "GET /stream?t=1766149086531 HTTP/1.1" 200 -
2025-12-19 19:58:06,849 - werkzeug - INFO - 127.0.0.1 - - [19/Dec/2025 19:58:06] "GET /stream?t=1766149086651 HTTP/1.1" 200 -
2025-12-19 19:58:06,965 - werkzeug - INFO - 127.0.0.1 - - [19/Dec/2025 19:58:06] "GET /stream?t=1766149086852 HTTP/1.1" 200 -
2025-12-19 19:58:07,168 - werkzeug - INFO - 127.0.0.1 - - [19/Dec/2025 19:58:07] "GET /stream?t=1766149086968 HTTP/1.1" 200 -
2025-12-19 19:58:07,282 - werkzeug - INFO - 127.0.0.1 - - [19/Dec/2025 19:58:07] "GET /stream?t=1766149087171 HTTP/1.1" 200 -
2025-12-19 19:58:07,482 - werkzeug - INFO - 127.0.0.1 - - [19/Dec/2025 19:58:07] "GET /stream?t=1766149087288 HTTP/1.1" 200 -
2025-12-19 19:58:07,600 - werkzeug - INFO - 127.0.0.1 - - [19/Dec/2025 19:58:07] "GET /stream?t=1766149087488 HTTP/1.1" 200 -
2025-12-19 19:58:07,800 - werkzeug - INFO - 127.0.0.1 - - [19/Dec/2025 19:58:07] "GET /stream?t=1766149087603 HTTP/1.1" 200 -
2025-12-19 19:58:07,913 - werkzeug - INFO - 127.0.0.1 - - [19/Dec/2025 19:58:07] "GET /stream?t=1766149087803 HTTP/1.1" 200 -
2025-12-19 19:58:08,116 - werkzeug - INFO - 127.0.0.1 - - [19/Dec/2025 19:58:08] "GET /stream?t=1766149087915 HTTP/1.1" 200 -
2025-12-19 19:58:08,231 - werkzeug - INFO - 127.0.0.1 - - [19/Dec/2025 19:58:08] "GET /stream?t=1766149088119 HTTP/1.1" 200 -
2025-12-19 19:58:08,436 - werkzeug - INFO - 127.0.0.1 - - [19/Dec/2025 19:58:08] "GET /stream?t=1766149088233 HTTP/1.1" 200 -
2025-12-19 19:58:08,549 - werkzeug - INFO - 127.0.0.1 - - [19/Dec/2025 19:58:08] "GET /stream?t=1766149088439 HTTP/1.1" 200 -
2025-12-19 19:58:08,748 - werkzeug - INFO - 127.0.0.1 - - [19/Dec/2025 19:58:08] "GET /stream?t=1766149088554 HTTP/1.1" 200 -
2025-12-19 19:58:08,867 - werkzeug - INFO - 127.0.0.1 - - [19/Dec/2025 19:58:08] "GET /stream?t=1766149088750 HTTP/1.1" 200 -
2025-12-19 19:58:09,067 - werkzeug - INFO - 127.0.0.1 - - [19/Dec/2025 19:58:09] "GET /stream?t=1766149088871 HTTP/1.1" 200 -
2025-12-19 19:58:09,181 - werkzeug - INFO - 127.0.0.1 - - [19/Dec/2025 19:58:09] "GET /stream?t=1766149089070 HTTP/1.1" 200 -
2025-12-19 19:58:09,384 - werkzeug - INFO - 127.0.0.1 - - [19/Dec/2025 19:58:09] "GET /stream?t=1766149089186 HTTP/1.1" 200 -
2025-12-19 19:58:09,498 - werkzeug - INFO - 127.0.0.1 - - [19/Dec/2025 19:58:09] "GET /stream?t=1766149089388 HTTP/1.1" 200 -
2025-12-19 19:58:09,702 - werkzeug - INFO - 127.0.0.1 - - [19/Dec/2025 19:58:09] "GET /stream?t=1766149089501 HTTP/1.1" 200 -
2025-12-19 19:58:09,815 - werkzeug - INFO - 127.0.0.1 - - [19/Dec/2025 19:58:09] "GET /stream?t=1766149089706 HTTP/1.1" 200 -
2025-12-19 19:58:10,014 - werkzeug - INFO - 127.0.0.1 - - [19/Dec/2025 19:58:10] "GET /stream?t=1766149089820 HTTP/1.1" 200 -
2025-12-19 19:58:10,131 - werkzeug - INFO - 127.0.0.1 - - [19/Dec/2025 19:58:10] "GET /stream?t=1766149090017 HTTP/1.1" 200 -
2025-12-19 19:58:10,331 - werkzeug - INFO - 127.0.0.1 - - [19/Dec/2025 19:58:10] "GET /stream?t=1766149090133 HTTP/1.1" 200 -
2025-12-19 19:58:10,448 - werkzeug - INFO - 127.0.0.1 - - [19/Dec/2025 19:58:10] "GET /stream?t=1766149090334 HTTP/1.1" 200 -
2025-12-19 19:58:10,652 - werkzeug - INFO - 127.0.0.1 - - [19/Dec/2025 19:58:10] "GET /stream?t=1766149090450 HTTP/1.1" 200 -
2025-12-19 19:58:10,760 - werkzeug - INFO - 127.0.0.1 - - [19/Dec/2025 19:58:10] "GET /stream?t=1766149090655 HTTP/1.1" 200 -
2025-12-19 19:58:10,965 - werkzeug - INFO - 127.0.0.1 - - [19/Dec/2025 19:58:10] "GET /stream?t=1766149090763 HTTP/1.1" 200 -
2025-12-19 19:58:11,077 - werkzeug - INFO - 127.0.0.1 - - [19/Dec/2025 19:58:11] "GET /stream?t=1766149090968 HTTP/1.1" 200 -
2025-12-19 19:58:11,275 - werkzeug - INFO - 127.0.0.1 - - [19/Dec/2025 19:58:11] "GET /stream?t=1766149091080 HTTP/1.1" 200 -
2025-12-19 19:58:11,394 - werkzeug - INFO - 127.0.0.1 - - [19/Dec/2025 19:58:11] "GET /stream?t=1766149091277 HTTP/1.1" 200 -
2025-12-19 19:58:11,584 - werkzeug - INFO - 127.0.0.1 - - [19/Dec/2025 19:58:11] "GET /stream?t=1766149091398 HTTP/1.1" 200 -
2025-12-19 19:58:11,716 - werkzeug - INFO - 127.0.0.1 - - [19/Dec/2025 19:58:11] "GET /stream?t=1766149091587 HTTP/1.1" 200 -
2025-12-19 19:58:11,901 - werkzeug - INFO - 127.0.0.1 - - [19/Dec/2025 19:58:11] "GET /stream?t=1766149091718 HTTP/1.1" 200 -
2025-12-19 19:58:12,033 - werkzeug - INFO - 127.0.0.1 - - [19/Dec/2025 19:58:12] "GET /stream?t=1766149091907 HTTP/1.1" 200 -
2025-12-19 19:58:12,226 - werkzeug - INFO - 127.0.0.1 - - [19/Dec/2025 19:58:12] "GET /stream?t=1766149092039 HTTP/1.1" 200 -
2025-12-19 19:58:12,350 - werkzeug - INFO - 127.0.0.1 - - [19/Dec/2025 19:58:12] "GET /stream?t=1766149092229 HTTP/1.1" 200 -
2025-12-19 19:58:12,550 - werkzeug - INFO - 127.0.0.1 - - [19/Dec/2025 19:58:12] "GET /stream?t=1766149092353 HTTP/1.1" 200 -
2025-12-19 19:58:12,662 - werkzeug - INFO - 127.0.0.1 - - [19/Dec/2025 19:58:12] "GET /stream?t=1766149092554 HTTP/1.1" 200 -
2025-12-19 19:58:12,859 - werkzeug - INFO - 127.0.0.1 - - [19/Dec/2025 19:58:12] "GET /stream?t=1766149092666 HTTP/1.1" 200 -
2025-12-19 19:58:12,979 - werkzeug - INFO - 127.0.0.1 - - [19/Dec/2025 19:58:12] "GET /stream?t=1766149092862 HTTP/1.1" 200 -
2025-12-19 19:58:13,182 - werkzeug - INFO - 127.0.0.1 - - [19/Dec/2025 19:58:13] "GET /stream?t=1766149092981 HTTP/1.1" 200 -
2025-12-19 19:58:13,297 - werkzeug - INFO - 127.0.0.1 - - [19/Dec/2025 19:58:13] "GET /stream?t=1766149093186 HTTP/1.1" 200 -
2025-12-19 19:58:13,500 - werkzeug - INFO - 127.0.0.1 - - [19/Dec/2025 19:58:13] "GET /stream?t=1766149093300 HTTP/1.1" 200 -
2025-12-19 19:58:13,616 - werkzeug - INFO - 127.0.0.1 - - [19/Dec/2025 19:58:13] "GET /stream?t=1766149093504 HTTP/1.1" 200 -
2025-12-19 19:58:13,816 - werkzeug - INFO - 127.0.0.1 - - [19/Dec/2025 19:58:13] "GET /stream?t=1766149093619 HTTP/1.1" 200 -
2025-12-19 19:58:13,832 - werkzeug - INFO - 100.93.7.42 - - [19/Dec/2025 19:58:13] "POST /api/device/heartbeat HTTP/1.1" 200 -
2025-12-19 19:58:13,933 - werkzeug - INFO - 127.0.0.1 - - [19/Dec/2025 19:58:13] "GET /stream?t=1766149093819 HTTP/1.1" 200 -
2025-12-19 19:58:14,129 - werkzeug - INFO - 127.0.0.1 - - [19/Dec/2025 19:58:14] "GET /stream?t=1766149093937 HTTP/1.1" 200 -
2025-12-19 19:58:14,247 - werkzeug - INFO - 127.0.0.1 - - [19/Dec/2025 19:58:14] "GET /stream?t=1766149094131 HTTP/1.1" 200 -
2025-12-19 19:58:14,447 - werkzeug - INFO - 127.0.0.1 - - [19/Dec/2025 19:58:14] "GET /stream?t=1766149094252 HTTP/1.1" 200 -
2025-12-19 19:58:14,564 - werkzeug - INFO - 127.0.0.1 - - [19/Dec/2025 19:58:14] "GET /stream?t=1766149094452 HTTP/1.1" 200 -
2025-12-19 19:58:14,767 - werkzeug - INFO - 127.0.0.1 - - [19/Dec/2025 19:58:14] "GET /stream?t=1766149094568 HTTP/1.1" 200 -
2025-12-19 19:58:14,883 - werkzeug - INFO - 127.0.0.1 - - [19/Dec/2025 19:58:14] "GET /stream?t=1766149094770 HTTP/1.1" 200 -
2025-12-19 19:58:15,088 - werkzeug - INFO - 127.0.0.1 - - [19/Dec/2025 19:58:15] "GET /stream?t=1766149094886 HTTP/1.1" 200 -
2025-12-19 19:58:15,197 - werkzeug - INFO - 127.0.0.1 - - [19/Dec/2025 19:58:15] "GET /stream?t=1766149095092 HTTP/1.1" 200 -
2025-12-19 19:58:15,406 - werkzeug - INFO - 127.0.0.1 - - [19/Dec/2025 19:58:15] "GET /stream?t=1766149095201 HTTP/1.1" 200 -
2025-12-19 19:58:15,514 - werkzeug - INFO - 127.0.0.1 - - [19/Dec/2025 19:58:15] "GET /stream?t=1766149095408 HTTP/1.1" 200 -
2025-12-19 19:58:15,728 - werkzeug - INFO - 127.0.0.1 - - [19/Dec/2025 19:58:15] "GET /stream?t=1766149095516 HTTP/1.1" 200 -
2025-12-19 19:58:15,820 - werkzeug - INFO - 127.0.0.1 - - [19/Dec/2025 19:58:15] "GET /stream?t=1766149095732 HTTP/1.1" 200 -
2025-12-19 19:58:16,049 - werkzeug - INFO - 127.0.0.1 - - [19/Dec/2025 19:58:16] "GET /stream?t=1766149095823 HTTP/1.1" 200 -
2025-12-19 19:58:16,133 - werkzeug - INFO - 127.0.0.1 - - [19/Dec/2025 19:58:16] "GET /stream?t=1766149096054 HTTP/1.1" 200 -
2025-12-19 19:58:16,367 - werkzeug - INFO - 127.0.0.1 - - [19/Dec/2025 19:58:16] "GET /stream?t=1766149096137 HTTP/1.1" 200 -
2025-12-19 19:58:16,453 - werkzeug - INFO - 127.0.0.1 - - [19/Dec/2025 19:58:16] "GET /stream?t=1766149096371 HTTP/1.1" 200 -
2025-12-19 19:58:16,681 - werkzeug - INFO - 127.0.0.1 - - [19/Dec/2025 19:58:16] "GET /stream?t=1766149096456 HTTP/1.1" 200 -
2025-12-19 19:58:16,777 - werkzeug - INFO - 127.0.0.1 - - [19/Dec/2025 19:58:16] "GET /stream?t=1766149096684 HTTP/1.1" 200 -
2025-12-19 19:58:16,998 - werkzeug - INFO - 127.0.0.1 - - [19/Dec/2025 19:58:16] "GET /stream?t=1766149096780 HTTP/1.1" 200 -
2025-12-19 19:58:17,085 - werkzeug - INFO - 127.0.0.1 - - [19/Dec/2025 19:58:17] "GET /stream?t=1766149097003 HTTP/1.1" 200 -
2025-12-19 19:58:17,314 - werkzeug - INFO - 127.0.0.1 - - [19/Dec/2025 19:58:17] "GET /stream?t=1766149097086 HTTP/1.1" 200 -
2025-12-19 19:58:17,392 - werkzeug - INFO - 127.0.0.1 - - [19/Dec/2025 19:58:17] "GET /stream?t=1766149097317 HTTP/1.1" 200 -
2025-12-19 19:58:17,633 - werkzeug - INFO - 127.0.0.1 - - [19/Dec/2025 19:58:17] "GET /stream?t=1766149097394 HTTP/1.1" 200 -
2025-12-19 19:58:17,702 - werkzeug - INFO - 127.0.0.1 - - [19/Dec/2025 19:58:17] "GET /stream?t=1766149097636 HTTP/1.1" 200 -
2025-12-19 19:58:17,950 - werkzeug - INFO - 127.0.0.1 - - [19/Dec/2025 19:58:17] "GET /stream?t=1766149097705 HTTP/1.1" 200 -
2025-12-19 19:58:18,016 - werkzeug - INFO - 127.0.0.1 - - [19/Dec/2025 19:58:18] "GET /stream?t=1766149097952 HTTP/1.1" 200 -
2025-12-19 19:58:18,261 - werkzeug - INFO - 127.0.0.1 - - [19/Dec/2025 19:58:18] "GET /stream?t=1766149098019 HTTP/1.1" 200 -
2025-12-19 19:58:18,335 - werkzeug - INFO - 127.0.0.1 - - [19/Dec/2025 19:58:18] "GET /stream?t=1766149098265 HTTP/1.1" 200 -
2025-12-19 19:58:18,583 - werkzeug - INFO - 127.0.0.1 - - [19/Dec/2025 19:58:18] "GET /stream?t=1766149098338 HTTP/1.1" 200 -
2025-12-19 19:58:18,650 - werkzeug - INFO - 127.0.0.1 - - [19/Dec/2025 19:58:18] "GET /stream?t=1766149098588 HTTP/1.1" 200 -
2025-12-19 19:58:18,896 - werkzeug - INFO - 127.0.0.1 - - [19/Dec/2025 19:58:18] "GET /stream?t=1766149098653 HTTP/1.1" 200 -
2025-12-19 19:58:18,965 - werkzeug - INFO - 127.0.0.1 - - [19/Dec/2025 19:58:18] "GET /stream?t=1766149098899 HTTP/1.1" 200 -
2025-12-19 19:58:19,216 - werkzeug - INFO - 127.0.0.1 - - [19/Dec/2025 19:58:19] "GET /stream?t=1766149098968 HTTP/1.1" 200 -
2025-12-19 19:58:19,287 - werkzeug - INFO - 127.0.0.1 - - [19/Dec/2025 19:58:19] "GET /stream?t=1766149099219 HTTP/1.1" 200 -
2025-12-19 19:58:19,530 - werkzeug - INFO - 127.0.0.1 - - [19/Dec/2025 19:58:19] "GET /stream?t=1766149099290 HTTP/1.1" 200 -
2025-12-19 19:58:19,599 - werkzeug - INFO - 127.0.0.1 - - [19/Dec/2025 19:58:19] "GET /stream?t=1766149099532 HTTP/1.1" 200 -
2025-12-19 19:58:19,845 - werkzeug - INFO - 127.0.0.1 - - [19/Dec/2025 19:58:19] "GET /stream?t=1766149099601 HTTP/1.1" 200 -
2025-12-19 19:58:19,922 - werkzeug - INFO - 127.0.0.1 - - [19/Dec/2025 19:58:19] "GET /stream?t=1766149099847 HTTP/1.1" 200 -
2025-12-19 19:58:20,157 - werkzeug - INFO - 127.0.0.1 - - [19/Dec/2025 19:58:20] "GET /stream?t=1766149099924 HTTP/1.1" 200 -
2025-12-19 19:58:20,234 - werkzeug - INFO - 127.0.0.1 - - [19/Dec/2025 19:58:20] "GET /stream?t=1766149100160 HTTP/1.1" 200 -
2025-12-19 19:58:20,463 - werkzeug - INFO - 127.0.0.1 - - [19/Dec/2025 19:58:20] "GET /stream?t=1766149100237 HTTP/1.1" 200 -
2025-12-19 19:58:20,545 - werkzeug - INFO - 127.0.0.1 - - [19/Dec/2025 19:58:20] "GET /stream?t=1766149100469 HTTP/1.1" 200 -
2025-12-19 19:58:20,776 - werkzeug - INFO - 127.0.0.1 - - [19/Dec/2025 19:58:20] "GET /stream?t=1766149100548 HTTP/1.1" 200 -
2025-12-19 19:58:20,865 - werkzeug - INFO - 127.0.0.1 - - [19/Dec/2025 19:58:20] "GET /stream?t=1766149100778 HTTP/1.1" 200 -
2025-12-19 19:58:21,083 - werkzeug - INFO - 127.0.0.1 - - [19/Dec/2025 19:58:21] "GET /stream?t=1766149100868 HTTP/1.1" 200 -
2025-12-19 19:58:21,179 - werkzeug - INFO - 127.0.0.1 - - [19/Dec/2025 19:58:21] "GET /stream?t=1766149101087 HTTP/1.1" 200 -
2025-12-19 19:58:21,397 - werkzeug - INFO - 127.0.0.1 - - [19/Dec/2025 19:58:21] "GET /stream?t=1766149101182 HTTP/1.1" 200 -
2025-12-19 19:58:21,499 - werkzeug - INFO - 127.0.0.1 - - [19/Dec/2025 19:58:21] "GET /stream?t=1766149101399 HTTP/1.1" 200 -
2025-12-19 19:58:21,715 - werkzeug - INFO - 127.0.0.1 - - [19/Dec/2025 19:58:21] "GET /stream?t=1766149101501 HTTP/1.1" 200 -
2025-12-19 19:58:21,817 - werkzeug - INFO - 127.0.0.1 - - [19/Dec/2025 19:58:21] "GET /stream?t=1766149101717 HTTP/1.1" 200 -
2025-12-19 19:58:22,032 - werkzeug - INFO - 127.0.0.1 - - [19/Dec/2025 19:58:22] "GET /stream?t=1766149101818 HTTP/1.1" 200 -
2025-12-19 19:58:22,130 - werkzeug - INFO - 127.0.0.1 - - [19/Dec/2025 19:58:22] "GET /stream?t=1766149102034 HTTP/1.1" 200 -
2025-12-19 19:58:22,349 - werkzeug - INFO - 127.0.0.1 - - [19/Dec/2025 19:58:22] "GET /stream?t=1766149102132 HTTP/1.1" 200 -
2025-12-19 19:58:22,447 - werkzeug - INFO - 127.0.0.1 - - [19/Dec/2025 19:58:22] "GET /stream?t=1766149102352 HTTP/1.1" 200 -
2025-12-19 19:58:22,664 - werkzeug - INFO - 127.0.0.1 - - [19/Dec/2025 19:58:22] "GET /stream?t=1766149102450 HTTP/1.1" 200 -
2025-12-19 19:58:22,765 - werkzeug - INFO - 127.0.0.1 - - [19/Dec/2025 19:58:22] "GET /stream?t=1766149102667 HTTP/1.1" 200 -
2025-12-19 19:58:22,982 - werkzeug - INFO - 127.0.0.1 - - [19/Dec/2025 19:58:22] "GET /stream?t=1766149102777 HTTP/1.1" 200 -
2025-12-19 19:58:23,098 - werkzeug - INFO - 127.0.0.1 - - [19/Dec/2025 19:58:23] "GET /stream?t=1766149102984 HTTP/1.1" 200 -
2025-12-19 19:58:23,298 - werkzeug - INFO - 127.0.0.1 - - [19/Dec/2025 19:58:23] "GET /stream?t=1766149103100 HTTP/1.1" 200 -
2025-12-19 19:58:23,415 - werkzeug - INFO - 127.0.0.1 - - [19/Dec/2025 19:58:23] "GET /stream?t=1766149103300 HTTP/1.1" 200 -
2025-12-19 19:58:23,615 - werkzeug - INFO - 127.0.0.1 - - [19/Dec/2025 19:58:23] "GET /stream?t=1766149103418 HTTP/1.1" 200 -
2025-12-19 19:58:23,727 - werkzeug - INFO - 127.0.0.1 - - [19/Dec/2025 19:58:23] "GET /stream?t=1766149103617 HTTP/1.1" 200 -
2025-12-19 19:58:23,930 - werkzeug - INFO - 127.0.0.1 - - [19/Dec/2025 19:58:23] "GET /stream?t=1766149103731 HTTP/1.1" 200 -
2025-12-19 19:58:24,036 - werkzeug - INFO - 127.0.0.1 - - [19/Dec/2025 19:58:24] "GET /stream?t=1766149103935 HTTP/1.1" 200 -
2025-12-19 19:58:24,247 - werkzeug - INFO - 127.0.0.1 - - [19/Dec/2025 19:58:24] "GET /stream?t=1766149104039 HTTP/1.1" 200 -
2025-12-19 19:58:24,346 - werkzeug - INFO - 127.0.0.1 - - [19/Dec/2025 19:58:24] "GET /stream?t=1766149104250 HTTP/1.1" 200 -
2025-12-19 19:58:24,564 - werkzeug - INFO - 127.0.0.1 - - [19/Dec/2025 19:58:24] "GET /stream?t=1766149104347 HTTP/1.1" 200 -
2025-12-19 19:58:24,663 - werkzeug - INFO - 127.0.0.1 - - [19/Dec/2025 19:58:24] "GET /stream?t=1766149104567 HTTP/1.1" 200 -
2025-12-19 19:58:24,880 - werkzeug - INFO - 127.0.0.1 - - [19/Dec/2025 19:58:24] "GET /stream?t=1766149104666 HTTP/1.1" 200 -
2025-12-19 19:58:24,977 - werkzeug - INFO - 127.0.0.1 - - [19/Dec/2025 19:58:24] "GET /stream?t=1766149104882 HTTP/1.1" 200 -
2025-12-19 19:58:24,983 - werkzeug - INFO - 127.0.0.1 - - [19/Dec/2025 19:58:24] "GET /socket.io/?EIO=4&transport=websocket&sid=P8jEzBGYgrxyxy8IAAAE HTTP/1.1" 200 -
2025-12-19 19:58:25,211 - werkzeug - INFO - 127.0.0.1 - - [19/Dec/2025 19:58:25] "GET /manage HTTP/1.1" 200 -
2025-12-19 19:58:25,386 - werkzeug - INFO - 127.0.0.1 - - [19/Dec/2025 19:58:25] "[36mGET /uploads/z7270244758076_7fdeaab07df2cbf38cd0b92bb1738955.jpg HTTP/1.1[0m" 304 -
2025-12-19 19:58:25,386 - werkzeug - INFO - 127.0.0.1 - - [19/Dec/2025 19:58:25] "[36mGET /uploads/face_crop_1766143824413.jpg HTTP/1.1[0m" 304 -
2025-12-19 19:58:25,547 - werkzeug - INFO - 127.0.0.1 - - [19/Dec/2025 19:58:25] "GET /stream?t=1766149104980 HTTP/1.1" 200 -
2025-12-19 19:58:25,547 - werkzeug - INFO - 127.0.0.1 - - [19/Dec/2025 19:58:25] "[36mGET /uploads/WIN_20251210_23_53_15_Pro.jpg HTTP/1.1[0m" 304 -
2025-12-19 19:58:35,373 - werkzeug - INFO - 127.0.0.1 - - [19/Dec/2025 19:58:35] "GET /history HTTP/1.1" 200 -
2025-12-19 19:58:35,744 - werkzeug - INFO - 127.0.0.1 - - [19/Dec/2025 19:58:35] "GET /api/history/full HTTP/1.1" 200 -
2025-12-19 19:58:35,990 - werkzeug - INFO - 127.0.0.1 - - [19/Dec/2025 19:58:35] "[36mGET /history_image/face_crop_1766145420037.jpg HTTP/1.1[0m" 304 -
2025-12-19 19:58:36,075 - werkzeug - INFO - 127.0.0.1 - - [19/Dec/2025 19:58:36] "[36mGET /history_image/face_crop_1766145416850.jpg HTTP/1.1[0m" 304 -
2025-12-19 19:58:36,077 - werkzeug - INFO - 127.0.0.1 - - [19/Dec/2025 19:58:36] "[36mGET /history_image/face_crop_1766145409174.jpg HTTP/1.1[0m" 304 -
2025-12-19 19:58:36,081 - werkzeug - INFO - 127.0.0.1 - - [19/Dec/2025 19:58:36] "[36mGET /history_image/face_crop_1766143935689.jpg HTTP/1.1[0m" 304 -
2025-12-19 19:58:36,081 - werkzeug - INFO - 127.0.0.1 - - [19/Dec/2025 19:58:36] "[36mGET /history_image/face_crop_1766145412848.jpg HTTP/1.1[0m" 304 -
2025-12-19 19:58:36,083 - werkzeug - INFO - 127.0.0.1 - - [19/Dec/2025 19:58:36] "[36mGET /history_image/face_crop_1766143926596.jpg HTTP/1.1[0m" 304 -
2025-12-19 19:58:36,306 - werkzeug - INFO - 127.0.0.1 - - [19/Dec/2025 19:58:36] "[36mGET /history_image/face_crop_1766143912170.jpg HTTP/1.1[0m" 304 -
2025-12-19 19:58:36,398 - werkzeug - INFO - 127.0.0.1 - - [19/Dec/2025 19:58:36] "[36mGET /history_image/face_crop_1766143894789.jpg HTTP/1.1[0m" 304 -
2025-12-19 19:58:36,399 - werkzeug - INFO - 127.0.0.1 - - [19/Dec/2025 19:58:36] "[36mGET /history_image/face_crop_1766143914755.jpg HTTP/1.1[0m" 304 -
2025-12-19 19:58:36,399 - werkzeug - INFO - 127.0.0.1 - - [19/Dec/2025 19:58:36] "[36mGET /history_image/face_crop_1766143901889.jpg HTTP/1.1[0m" 304 -
2025-12-19 19:58:36,401 - werkzeug - INFO - 127.0.0.1 - - [19/Dec/2025 19:58:36] "[36mGET /history_image/face_crop_1766143887931.jpg HTTP/1.1[0m" 304 -
2025-12-19 19:58:36,405 - werkzeug - INFO - 127.0.0.1 - - [19/Dec/2025 19:58:36] "[36mGET /history_image/face_crop_1766143873120.jpg HTTP/1.1[0m" 304 -
2025-12-19 19:58:45,471 - werkzeug - INFO - 100.93.7.42 - - [19/Dec/2025 19:58:45] "POST /api/device/heartbeat HTTP/1.1" 200 -
2025-12-19 19:58:49,271 - werkzeug - INFO - 127.0.0.1 - - [19/Dec/2025 19:58:49] "POST /api/history/clear HTTP/1.1" 200 -
2025-12-19 19:58:50,288 - werkzeug - INFO - 127.0.0.1 - - [19/Dec/2025 19:58:50] "GET /api/history/full HTTP/1.1" 200 -
2025-12-19 19:58:58,462 - werkzeug - INFO - 127.0.0.1 - - [19/Dec/2025 19:58:58] "GET /api/history/full HTTP/1.1" 200 -
2025-12-19 19:59:17,111 - werkzeug - INFO - 100.93.7.42 - - [19/Dec/2025 19:59:17] "POST /api/device/heartbeat HTTP/1.1" 200 -
2025-12-19 19:59:35,987 - werkzeug - INFO - 127.0.0.1 - - [19/Dec/2025 19:59:35] "GET /dashboard HTTP/1.1" 200 -
2025-12-19 19:59:36,314 - werkzeug - INFO - 127.0.0.1 - - [19/Dec/2025 19:59:36] "GET /socket.io/?EIO=4&transport=polling&t=PisiRhI HTTP/1.1" 200 -
2025-12-19 19:59:36,322 - werkzeug - INFO - 127.0.0.1 - - [19/Dec/2025 19:59:36] "GET /api/get-latest-location HTTP/1.1" 200 -
2025-12-19 19:59:36,330 - werkzeug - INFO - 127.0.0.1 - - [19/Dec/2025 19:59:36] "POST /socket.io/?EIO=4&transport=polling&t=PisiRly&sid=NhyGUkL-jGU2k3ARAAAG HTTP/1.1" 200 -
2025-12-19 19:59:36,587 - werkzeug - INFO - 127.0.0.1 - - [19/Dec/2025 19:59:36] "GET /socket.io/?EIO=4&transport=polling&t=PisiRlz&sid=NhyGUkL-jGU2k3ARAAAG HTTP/1.1" 200 -
2025-12-19 19:59:36,624 - werkzeug - INFO - 127.0.0.1 - - [19/Dec/2025 19:59:36] "GET /stream HTTP/1.1" 200 -
2025-12-19 19:59:36,626 - werkzeug - INFO - 127.0.0.1 - - [19/Dec/2025 19:59:36] "GET /socket.io/?EIO=4&transport=polling&t=PisiRqF&sid=NhyGUkL-jGU2k3ARAAAG HTTP/1.1" 200 -
2025-12-19 19:59:36,897 - werkzeug - INFO - 127.0.0.1 - - [19/Dec/2025 19:59:36] "GET /stream?t=1766149176627 HTTP/1.1" 200 -
2025-12-19 19:59:36,941 - werkzeug - INFO - 127.0.0.1 - - [19/Dec/2025 19:59:36] "GET /stream?t=1766149176899 HTTP/1.1" 200 -
2025-12-19 19:59:37,206 - werkzeug - INFO - 127.0.0.1 - - [19/Dec/2025 19:59:37] "GET /stream?t=1766149176944 HTTP/1.1" 200 -
2025-12-19 19:59:37,255 - werkzeug - INFO - 127.0.0.1 - - [19/Dec/2025 19:59:37] "GET /stream?t=1766149177208 HTTP/1.1" 200 -
2025-12-19 19:59:37,512 - werkzeug - INFO - 127.0.0.1 - - [19/Dec/2025 19:59:37] "GET /stream?t=1766149177258 HTTP/1.1" 200 -
2025-12-19 19:59:37,569 - werkzeug - INFO - 127.0.0.1 - - [19/Dec/2025 19:59:37] "GET /stream?t=1766149177514 HTTP/1.1" 200 -
2025-12-19 19:59:37,824 - werkzeug - INFO - 127.0.0.1 - - [19/Dec/2025 19:59:37] "GET /stream?t=1766149177571 HTTP/1.1" 200 -
2025-12-19 19:59:37,874 - werkzeug - INFO - 127.0.0.1 - - [19/Dec/2025 19:59:37] "GET /stream?t=1766149177825 HTTP/1.1" 200 -
2025-12-19 19:59:38,137 - werkzeug - INFO - 127.0.0.1 - - [19/Dec/2025 19:59:38] "GET /stream?t=1766149177879 HTTP/1.1" 200 -
2025-12-19 19:59:38,187 - werkzeug - INFO - 127.0.0.1 - - [19/Dec/2025 19:59:38] "GET /stream?t=1766149178140 HTTP/1.1" 200 -
2025-12-19 19:59:38,449 - werkzeug - INFO - 127.0.0.1 - - [19/Dec/2025 19:59:38] "GET /stream?t=1766149178190 HTTP/1.1" 200 -
2025-12-19 19:59:38,501 - werkzeug - INFO - 127.0.0.1 - - [19/Dec/2025 19:59:38] "GET /stream?t=1766149178452 HTTP/1.1" 200 -
2025-12-19 19:59:38,768 - werkzeug - INFO - 127.0.0.1 - - [19/Dec/2025 19:59:38] "GET /stream?t=1766149178503 HTTP/1.1" 200 -
2025-12-19 19:59:38,808 - werkzeug - INFO - 127.0.0.1 - - [19/Dec/2025 19:59:38] "GET /stream?t=1766149178771 HTTP/1.1" 200 -
2025-12-19 19:59:39,086 - werkzeug - INFO - 127.0.0.1 - - [19/Dec/2025 19:59:39] "GET /stream?t=1766149178811 HTTP/1.1" 200 -
2025-12-19 19:59:39,145 - werkzeug - INFO - 127.0.0.1 - - [19/Dec/2025 19:59:39] "GET /stream?t=1766149179088 HTTP/1.1" 200 -
2025-12-19 19:59:39,408 - werkzeug - INFO - 127.0.0.1 - - [19/Dec/2025 19:59:39] "GET /stream?t=1766149179160 HTTP/1.1" 200 -
2025-12-19 19:59:39,473 - werkzeug - INFO - 127.0.0.1 - - [19/Dec/2025 19:59:39] "GET /stream?t=1766149179412 HTTP/1.1" 200 -
2025-12-19 19:59:39,724 - werkzeug - INFO - 127.0.0.1 - - [19/Dec/2025 19:59:39] "GET /stream?t=1766149179477 HTTP/1.1" 200 -
2025-12-19 19:59:39,790 - werkzeug - INFO - 127.0.0.1 - - [19/Dec/2025 19:59:39] "GET /stream?t=1766149179726 HTTP/1.1" 200 -
2025-12-19 19:59:40,036 - werkzeug - INFO - 127.0.0.1 - - [19/Dec/2025 19:59:40] "GET /stream?t=1766149179793 HTTP/1.1" 200 -
2025-12-19 19:59:40,105 - werkzeug - INFO - 127.0.0.1 - - [19/Dec/2025 19:59:40] "GET /stream?t=1766149180038 HTTP/1.1" 200 -
2025-12-19 19:59:40,347 - werkzeug - INFO - 127.0.0.1 - - [19/Dec/2025 19:59:40] "GET /stream?t=1766149180108 HTTP/1.1" 200 -
2025-12-19 19:59:40,419 - werkzeug - INFO - 127.0.0.1 - - [19/Dec/2025 19:59:40] "GET /stream?t=1766149180350 HTTP/1.1" 200 -
2025-12-19 19:59:40,654 - werkzeug - INFO - 127.0.0.1 - - [19/Dec/2025 19:59:40] "GET /stream?t=1766149180421 HTTP/1.1" 200 -
2025-12-19 19:59:40,738 - werkzeug - INFO - 127.0.0.1 - - [19/Dec/2025 19:59:40] "GET /stream?t=1766149180656 HTTP/1.1" 200 -
2025-12-19 19:59:40,972 - werkzeug - INFO - 127.0.0.1 - - [19/Dec/2025 19:59:40] "GET /stream?t=1766149180740 HTTP/1.1" 200 -
2025-12-19 19:59:41,054 - werkzeug - INFO - 127.0.0.1 - - [19/Dec/2025 19:59:41] "GET /stream?t=1766149180977 HTTP/1.1" 200 -
2025-12-19 19:59:41,288 - werkzeug - INFO - 127.0.0.1 - - [19/Dec/2025 19:59:41] "GET /stream?t=1766149181057 HTTP/1.1" 200 -
2025-12-19 19:59:41,366 - werkzeug - INFO - 127.0.0.1 - - [19/Dec/2025 19:59:41] "GET /stream?t=1766149181290 HTTP/1.1" 200 -
2025-12-19 19:59:41,602 - werkzeug - INFO - 127.0.0.1 - - [19/Dec/2025 19:59:41] "GET /stream?t=1766149181369 HTTP/1.1" 200 -
2025-12-19 19:59:41,674 - werkzeug - INFO - 127.0.0.1 - - [19/Dec/2025 19:59:41] "GET /stream?t=1766149181605 HTTP/1.1" 200 -
2025-12-19 19:59:41,910 - werkzeug - INFO - 127.0.0.1 - - [19/Dec/2025 19:59:41] "GET /stream?t=1766149181677 HTTP/1.1" 200 -
2025-12-19 19:59:41,982 - werkzeug - INFO - 127.0.0.1 - - [19/Dec/2025 19:59:41] "GET /stream?t=1766149181914 HTTP/1.1" 200 -
2025-12-19 19:59:42,220 - werkzeug - INFO - 127.0.0.1 - - [19/Dec/2025 19:59:42] "GET /stream?t=1766149181984 HTTP/1.1" 200 -
2025-12-19 19:59:42,289 - werkzeug - INFO - 127.0.0.1 - - [19/Dec/2025 19:59:42] "GET /stream?t=1766149182223 HTTP/1.1" 200 -
2025-12-19 19:59:42,536 - werkzeug - INFO - 127.0.0.1 - - [19/Dec/2025 19:59:42] "GET /stream?t=1766149182293 HTTP/1.1" 200 -
2025-12-19 19:59:42,605 - werkzeug - INFO - 127.0.0.1 - - [19/Dec/2025 19:59:42] "GET /stream?t=1766149182538 HTTP/1.1" 200 -
2025-12-19 19:59:42,852 - werkzeug - INFO - 127.0.0.1 - - [19/Dec/2025 19:59:42] "GET /stream?t=1766149182607 HTTP/1.1" 200 -
2025-12-19 19:59:42,920 - werkzeug - INFO - 127.0.0.1 - - [19/Dec/2025 19:59:42] "GET /stream?t=1766149182857 HTTP/1.1" 200 -
2025-12-19 19:59:43,170 - werkzeug - INFO - 127.0.0.1 - - [19/Dec/2025 19:59:43] "GET /stream?t=1766149182924 HTTP/1.1" 200 -
2025-12-19 19:59:43,228 - werkzeug - INFO - 127.0.0.1 - - [19/Dec/2025 19:59:43] "GET /stream?t=1766149183172 HTTP/1.1" 200 -
2025-12-19 19:59:43,470 - werkzeug - INFO - 127.0.0.1 - - [19/Dec/2025 19:59:43] "GET /stream?t=1766149183231 HTTP/1.1" 200 -
2025-12-19 19:59:43,534 - werkzeug - INFO - 127.0.0.1 - - [19/Dec/2025 19:59:43] "GET /stream?t=1766149183482 HTTP/1.1" 200 -
2025-12-19 19:59:43,785 - werkzeug - INFO - 127.0.0.1 - - [19/Dec/2025 19:59:43] "GET /stream?t=1766149183537 HTTP/1.1" 200 -
2025-12-19 19:59:43,842 - werkzeug - INFO - 127.0.0.1 - - [19/Dec/2025 19:59:43] "GET /stream?t=1766149183791 HTTP/1.1" 200 -
2025-12-19 19:59:44,100 - werkzeug - INFO - 127.0.0.1 - - [19/Dec/2025 19:59:44] "GET /stream?t=1766149183844 HTTP/1.1" 200 -
2025-12-19 19:59:44,155 - werkzeug - INFO - 127.0.0.1 - - [19/Dec/2025 19:59:44] "GET /stream?t=1766149184104 HTTP/1.1" 200 -
2025-12-19 19:59:44,424 - werkzeug - INFO - 127.0.0.1 - - [19/Dec/2025 19:59:44] "GET /stream?t=1766149184157 HTTP/1.1" 200 -
2025-12-19 19:59:44,474 - werkzeug - INFO - 127.0.0.1 - - [19/Dec/2025 19:59:44] "GET /stream?t=1766149184428 HTTP/1.1" 200 -
2025-12-19 19:59:44,738 - werkzeug - INFO - 127.0.0.1 - - [19/Dec/2025 19:59:44] "GET /stream?t=1766149184476 HTTP/1.1" 200 -
2025-12-19 19:59:44,791 - werkzeug - INFO - 127.0.0.1 - - [19/Dec/2025 19:59:44] "GET /stream?t=1766149184741 HTTP/1.1" 200 -
2025-12-19 19:59:45,056 - werkzeug - INFO - 127.0.0.1 - - [19/Dec/2025 19:59:45] "GET /stream?t=1766149184793 HTTP/1.1" 200 -
2025-12-19 19:59:45,105 - werkzeug - INFO - 127.0.0.1 - - [19/Dec/2025 19:59:45] "GET /stream?t=1766149185059 HTTP/1.1" 200 -
2025-12-19 19:59:45,368 - werkzeug - INFO - 127.0.0.1 - - [19/Dec/2025 19:59:45] "GET /stream?t=1766149185107 HTTP/1.1" 200 -
2025-12-19 19:59:45,422 - werkzeug - INFO - 127.0.0.1 - - [19/Dec/2025 19:59:45] "GET /stream?t=1766149185371 HTTP/1.1" 200 -
2025-12-19 19:59:45,559 - werkzeug - INFO - 127.0.0.1 - - [19/Dec/2025 19:59:45] "GET /socket.io/?EIO=4&transport=websocket&sid=NhyGUkL-jGU2k3ARAAAG HTTP/1.1" 200 -
2025-12-19 19:59:45,691 - werkzeug - INFO - 127.0.0.1 - - [19/Dec/2025 19:59:45] "GET /warning HTTP/1.1" 200 -
2025-12-19 19:59:45,730 - werkzeug - INFO - 127.0.0.1 - - [19/Dec/2025 19:59:45] "GET /stream?t=1766149185425 HTTP/1.1" 200 -
2025-12-19 19:59:45,870 - werkzeug - INFO - 127.0.0.1 - - [19/Dec/2025 19:59:45] "GET /socket.io/?EIO=4&transport=polling&t=PisiU3B HTTP/1.1" 200 -
2025-12-19 19:59:46,052 - werkzeug - INFO - 127.0.0.1 - - [19/Dec/2025 19:59:46] "POST /socket.io/?EIO=4&transport=polling&t=PisiU5t&sid=rbEUmMfFZ6QnuomzAAAI HTTP/1.1" 200 -
2025-12-19 19:59:46,218 - werkzeug - INFO - 127.0.0.1 - - [19/Dec/2025 19:59:46] "GET /socket.io/?EIO=4&transport=polling&t=PisiU5u&sid=rbEUmMfFZ6QnuomzAAAI HTTP/1.1" 200 -
2025-12-19 19:59:46,225 - werkzeug - INFO - 127.0.0.1 - - [19/Dec/2025 19:59:46] "GET /socket.io/?EIO=4&transport=polling&t=PisiUAl&sid=rbEUmMfFZ6QnuomzAAAI HTTP/1.1" 200 -
2025-12-19 19:59:48,749 - werkzeug - INFO - 100.93.7.42 - - [19/Dec/2025 19:59:48] "POST /api/device/heartbeat HTTP/1.1" 200 -
2025-12-19 19:59:55,712 - werkzeug - INFO - 127.0.0.1 - - [19/Dec/2025 19:59:55] "GET /socket.io/?EIO=4&transport=websocket&sid=rbEUmMfFZ6QnuomzAAAI HTTP/1.1" 200 -
2025-12-19 19:59:56,040 - werkzeug - INFO - 127.0.0.1 - - [19/Dec/2025 19:59:56] "GET /dashboard HTTP/1.1" 200 -
2025-12-19 19:59:56,289 - werkzeug - INFO - 127.0.0.1 - - [19/Dec/2025 19:59:56] "GET /socket.io/?EIO=4&transport=polling&t=PisiWad HTTP/1.1" 200 -
2025-12-19 19:59:56,397 - werkzeug - INFO - 127.0.0.1 - - [19/Dec/2025 19:59:56] "GET /api/get-latest-location HTTP/1.1" 200 -
2025-12-19 19:59:56,399 - werkzeug - INFO - 127.0.0.1 - - [19/Dec/2025 19:59:56] "POST /socket.io/?EIO=4&transport=polling&t=PisiWe6&sid=8sH2WGIkMdC8UIK9AAAK HTTP/1.1" 200 -
2025-12-19 19:59:56,401 - werkzeug - INFO - 127.0.0.1 - - [19/Dec/2025 19:59:56] "GET /socket.io/?EIO=4&transport=polling&t=PisiWe7&sid=8sH2WGIkMdC8UIK9AAAK HTTP/1.1" 200 -
2025-12-19 19:59:56,608 - werkzeug - INFO - 127.0.0.1 - - [19/Dec/2025 19:59:56] "GET /stream HTTP/1.1" 200 -
2025-12-19 19:59:56,608 - werkzeug - INFO - 127.0.0.1 - - [19/Dec/2025 19:59:56] "GET /socket.io/?EIO=4&transport=polling&t=PisiWg0&sid=8sH2WGIkMdC8UIK9AAAK HTTP/1.1" 200 -
2025-12-19 19:59:56,729 - werkzeug - INFO - 127.0.0.1 - - [19/Dec/2025 19:59:56] "GET /stream?t=1766149196617 HTTP/1.1" 200 -
2025-12-19 19:59:56,923 - werkzeug - INFO - 127.0.0.1 - - [19/Dec/2025 19:59:56] "GET /stream?t=1766149196732 HTTP/1.1" 200 -
2025-12-19 19:59:57,048 - werkzeug - INFO - 127.0.0.1 - - [19/Dec/2025 19:59:57] "GET /stream?t=1766149196926 HTTP/1.1" 200 -
2025-12-19 19:59:57,236 - werkzeug - INFO - 127.0.0.1 - - [19/Dec/2025 19:59:57] "GET /stream?t=1766149197050 HTTP/1.1" 200 -
2025-12-19 19:59:57,369 - werkzeug - INFO - 127.0.0.1 - - [19/Dec/2025 19:59:57] "GET /stream?t=1766149197242 HTTP/1.1" 200 -
2025-12-19 19:59:57,551 - werkzeug - INFO - 127.0.0.1 - - [19/Dec/2025 19:59:57] "GET /stream?t=1766149197372 HTTP/1.1" 200 -
2025-12-19 19:59:57,668 - werkzeug - INFO - 127.0.0.1 - - [19/Dec/2025 19:59:57] "GET /stream?t=1766149197554 HTTP/1.1" 200 -
2025-12-19 19:59:57,861 - werkzeug - INFO - 127.0.0.1 - - [19/Dec/2025 19:59:57] "GET /stream?t=1766149197681 HTTP/1.1" 200 -
2025-12-19 19:59:57,985 - werkzeug - INFO - 127.0.0.1 - - [19/Dec/2025 19:59:57] "GET /stream?t=1766149197864 HTTP/1.1" 200 -
2025-12-19 19:59:58,174 - werkzeug - INFO - 127.0.0.1 - - [19/Dec/2025 19:59:58] "GET /stream?t=1766149197988 HTTP/1.1" 200 -
2025-12-19 19:59:58,298 - werkzeug - INFO - 127.0.0.1 - - [19/Dec/2025 19:59:58] "GET /stream?t=1766149198178 HTTP/1.1" 200 -
2025-12-19 19:59:58,492 - werkzeug - INFO - 127.0.0.1 - - [19/Dec/2025 19:59:58] "GET /stream?t=1766149198300 HTTP/1.1" 200 -
2025-12-19 19:59:58,606 - werkzeug - INFO - 127.0.0.1 - - [19/Dec/2025 19:59:58] "GET /stream?t=1766149198496 HTTP/1.1" 200 -
2025-12-19 19:59:58,801 - werkzeug - INFO - 127.0.0.1 - - [19/Dec/2025 19:59:58] "GET /stream?t=1766149198609 HTTP/1.1" 200 -
2025-12-19 19:59:58,917 - werkzeug - INFO - 127.0.0.1 - - [19/Dec/2025 19:59:58] "GET /stream?t=1766149198805 HTTP/1.1" 200 -
2025-12-19 19:59:59,922 - werkzeug - INFO - 127.0.0.1 - - [19/Dec/2025 19:59:59] "[33mPOST /api/device/restart/1 HTTP/1.1[0m" 404 -
2025-12-19 20:00:00,236 - werkzeug - INFO - 127.0.0.1 - - [19/Dec/2025 20:00:00] "GET /stream?t=1766149199926 HTTP/1.1" 200 -
2025-12-19 20:00:00,502 - werkzeug - INFO - 127.0.0.1 - - [19/Dec/2025 20:00:00] "GET /stream?t=1766149200239 HTTP/1.1" 200 -
2025-12-19 20:00:00,546 - werkzeug - INFO - 127.0.0.1 - - [19/Dec/2025 20:00:00] "GET /stream?t=1766149200505 HTTP/1.1" 200 -
2025-12-19 20:00:00,815 - werkzeug - INFO - 127.0.0.1 - - [19/Dec/2025 20:00:00] "GET /stream?t=1766149200548 HTTP/1.1" 200 -
2025-12-19 20:00:00,853 - werkzeug - INFO - 127.0.0.1 - - [19/Dec/2025 20:00:00] "GET /stream?t=1766149200817 HTTP/1.1" 200 -
2025-12-19 20:00:01,123 - werkzeug - INFO - 127.0.0.1 - - [19/Dec/2025 20:00:01] "GET /stream?t=1766149200855 HTTP/1.1" 200 -
2025-12-19 20:00:01,161 - werkzeug - INFO - 127.0.0.1 - - [19/Dec/2025 20:00:01] "GET /stream?t=1766149201127 HTTP/1.1" 200 -
2025-12-19 20:00:01,435 - werkzeug - INFO - 127.0.0.1 - - [19/Dec/2025 20:00:01] "GET /stream?t=1766149201162 HTTP/1.1" 200 -
2025-12-19 20:00:01,470 - werkzeug - INFO - 127.0.0.1 - - [19/Dec/2025 20:00:01] "GET /stream?t=1766149201439 HTTP/1.1" 200 -
2025-12-19 20:00:01,743 - werkzeug - INFO - 127.0.0.1 - - [19/Dec/2025 20:00:01] "GET /stream?t=1766149201472 HTTP/1.1" 200 -
2025-12-19 20:00:01,782 - werkzeug - INFO - 127.0.0.1 - - [19/Dec/2025 20:00:01] "GET /stream?t=1766149201746 HTTP/1.1" 200 -
2025-12-19 20:00:02,050 - werkzeug - INFO - 127.0.0.1 - - [19/Dec/2025 20:00:02] "GET /stream?t=1766149201784 HTTP/1.1" 200 -
2025-12-19 20:00:02,093 - werkzeug - INFO - 127.0.0.1 - - [19/Dec/2025 20:00:02] "GET /stream?t=1766149202054 HTTP/1.1" 200 -
2025-12-19 20:00:02,368 - werkzeug - INFO - 127.0.0.1 - - [19/Dec/2025 20:00:02] "GET /stream?t=1766149202099 HTTP/1.1" 200 -
2025-12-19 20:00:02,411 - werkzeug - INFO - 127.0.0.1 - - [19/Dec/2025 20:00:02] "GET /stream?t=1766149202371 HTTP/1.1" 200 -
2025-12-19 20:00:02,680 - werkzeug - INFO - 127.0.0.1 - - [19/Dec/2025 20:00:02] "GET /stream?t=1766149202414 HTTP/1.1" 200 -
2025-12-19 20:00:02,722 - werkzeug - INFO - 127.0.0.1 - - [19/Dec/2025 20:00:02] "GET /socket.io/?EIO=4&transport=websocket&sid=8sH2WGIkMdC8UIK9AAAK HTTP/1.1" 200 -
2025-12-19 20:00:02,722 - werkzeug - INFO - 127.0.0.1 - - [19/Dec/2025 20:00:02] "GET /stream?t=1766149202683 HTTP/1.1" 200 -
2025-12-19 20:00:02,991 - werkzeug - INFO - 127.0.0.1 - - [19/Dec/2025 20:00:02] "GET /device HTTP/1.1" 200 -
2025-12-19 20:00:03,038 - werkzeug - INFO - 127.0.0.1 - - [19/Dec/2025 20:00:03] "GET /stream?t=1766149202728 HTTP/1.1" 200 -
2025-12-19 20:00:20,389 - werkzeug - INFO - 100.93.7.42 - - [19/Dec/2025 20:00:20] "POST /api/device/heartbeat HTTP/1.1" 200 -
2025-12-19 23:01:08,851 - tensorflow - WARNING - From D:\KHOA_LUAN_TOT_NGHIEP\VISION-MATE\VISION-MATE\venv\Lib\site-packages\tf_keras\src\losses.py:2976: The name tf.losses.sparse_softmax_cross_entropy is deprecated. Please use tf.compat.v1.losses.sparse_softmax_cross_entropy instead.

2025-12-19 23:01:13,272 - werkzeug - INFO - [31m[1mWARNING: This is a development server. Do not use it in a production deployment. Use a production WSGI server instead.[0m
 * Running on all addresses (0.0.0.0)
 * Running on http://127.0.0.1:5000
 * Running on http://172.20.10.3:5000
2025-12-19 23:01:13,272 - werkzeug - INFO - [33mPress CTRL+C to quit[0m
2025-12-19 23:01:13,273 - werkzeug - INFO -  * Restarting with stat
2025-12-19 23:01:17,518 - tensorflow - WARNING - From D:\KHOA_LUAN_TOT_NGHIEP\VISION-MATE\VISION-MATE\venv\Lib\site-packages\tf_keras\src\losses.py:2976: The name tf.losses.sparse_softmax_cross_entropy is deprecated. Please use tf.compat.v1.losses.sparse_softmax_cross_entropy instead.

2025-12-19 23:01:20,863 - werkzeug - WARNING -  * Debugger is active!
2025-12-19 23:01:20,865 - werkzeug - INFO -  * Debugger PIN: 199-301-431
2025-12-19 23:01:32,172 - werkzeug - INFO - 127.0.0.1 - - [19/Dec/2025 23:01:32] "[32mGET / HTTP/1.1[0m" 302 -
2025-12-19 23:01:32,500 - werkzeug - INFO - 127.0.0.1 - - [19/Dec/2025 23:01:32] "GET /dashboard HTTP/1.1" 200 -
2025-12-19 23:01:32,829 - werkzeug - INFO - 127.0.0.1 - - [19/Dec/2025 23:01:32] "GET /socket.io/?EIO=4&transport=polling&t=PitM4t1 HTTP/1.1" 200 -
2025-12-19 23:01:32,923 - werkzeug - INFO - 127.0.0.1 - - [19/Dec/2025 23:01:32] "GET /api/get-latest-location HTTP/1.1" 200 -
2025-12-19 23:01:32,926 - werkzeug - INFO - 127.0.0.1 - - [19/Dec/2025 23:01:32] "POST /socket.io/?EIO=4&transport=polling&t=PitM4wY&sid=vJo54Do5dP6qzQkEAAAA HTTP/1.1" 200 -
2025-12-19 23:01:33,146 - werkzeug - INFO - 127.0.0.1 - - [19/Dec/2025 23:01:33] "GET /socket.io/?EIO=4&transport=polling&t=PitM4wZ&sid=vJo54Do5dP6qzQkEAAAA HTTP/1.1" 200 -
2025-12-19 23:01:33,159 - werkzeug - INFO - 127.0.0.1 - - [19/Dec/2025 23:01:33] "GET /socket.io/?EIO=4&transport=polling&t=PitM4_Z&sid=vJo54Do5dP6qzQkEAAAA HTTP/1.1" 200 -
2025-12-19 23:01:37,696 - werkzeug - INFO - 127.0.0.1 - - [19/Dec/2025 23:01:37] "GET /stream HTTP/1.1" 200 -
2025-12-19 23:01:43,189 - werkzeug - INFO - 127.0.0.1 - - [19/Dec/2025 23:01:43] "GET /socket.io/?EIO=4&transport=websocket&sid=vJo54Do5dP6qzQkEAAAA HTTP/1.1" 200 -
2025-12-19 23:01:43,507 - werkzeug - INFO - 127.0.0.1 - - [19/Dec/2025 23:01:43] "GET /dashboard HTTP/1.1" 200 -
2025-12-19 23:01:43,836 - werkzeug - INFO - 127.0.0.1 - - [19/Dec/2025 23:01:43] "GET /socket.io/?EIO=4&transport=polling&t=PitM7Xr HTTP/1.1" 200 -
2025-12-19 23:01:43,844 - werkzeug - INFO - 127.0.0.1 - - [19/Dec/2025 23:01:43] "GET /api/get-latest-location HTTP/1.1" 200 -
2025-12-19 23:01:43,849 - werkzeug - INFO - 127.0.0.1 - - [19/Dec/2025 23:01:43] "POST /socket.io/?EIO=4&transport=polling&t=PitM7cW&sid=mrrTUCh61hIPzHsUAAAC HTTP/1.1" 200 -
2025-12-19 23:01:44,085 - werkzeug - INFO - 127.0.0.1 - - [19/Dec/2025 23:01:44] "GET /socket.io/?EIO=4&transport=polling&t=PitM7cX&sid=mrrTUCh61hIPzHsUAAAC HTTP/1.1" 200 -
2025-12-19 23:01:44,160 - werkzeug - INFO - 127.0.0.1 - - [19/Dec/2025 23:01:44] "GET /socket.io/?EIO=4&transport=polling&t=PitM7gS&sid=mrrTUCh61hIPzHsUAAAC HTTP/1.1" 200 -
2025-12-19 23:01:48,720 - werkzeug - INFO - 127.0.0.1 - - [19/Dec/2025 23:01:48] "GET /stream HTTP/1.1" 200 -
2025-12-19 23:02:14,611 - werkzeug - INFO - 127.0.0.1 - - [19/Dec/2025 23:02:14] "GET /api/get-latest-location HTTP/1.1" 200 -
2025-12-19 23:02:18,689 - werkzeug - INFO - 127.0.0.1 - - [19/Dec/2025 23:02:18] "GET /stream?t=1766160134291 HTTP/1.1" 200 -
2025-12-19 23:02:24,219 - werkzeug - INFO - 100.93.7.42 - - [19/Dec/2025 23:02:24] "POST /api/device/heartbeat HTTP/1.1" 200 -
2025-12-19 23:02:29,300 - werkzeug - INFO - 127.0.0.1 - - [19/Dec/2025 23:02:29] "GET /socket.io/?EIO=4&transport=websocket&sid=mrrTUCh61hIPzHsUAAAC HTTP/1.1" 200 -
2025-12-19 23:02:29,613 - werkzeug - INFO - 127.0.0.1 - - [19/Dec/2025 23:02:29] "GET /dashboard HTTP/1.1" 200 -
2025-12-19 23:02:29,965 - werkzeug - INFO - 127.0.0.1 - - [19/Dec/2025 23:02:29] "GET /socket.io/?EIO=4&transport=polling&t=PitMIoQ HTTP/1.1" 200 -
2025-12-19 23:02:29,967 - werkzeug - INFO - 127.0.0.1 - - [19/Dec/2025 23:02:29] "GET /api/get-latest-location HTTP/1.1" 200 -
2025-12-19 23:02:30,217 - werkzeug - INFO - 127.0.0.1 - - [19/Dec/2025 23:02:30] "POST /socket.io/?EIO=4&transport=polling&t=PitMItI&sid=DAds5_v8upYQ-97QAAAE HTTP/1.1" 200 -
2025-12-19 23:02:30,279 - werkzeug - INFO - 127.0.0.1 - - [19/Dec/2025 23:02:30] "GET /socket.io/?EIO=4&transport=polling&t=PitMItJ&sid=DAds5_v8upYQ-97QAAAE HTTP/1.1" 200 -
2025-12-19 23:02:30,285 - werkzeug - INFO - 127.0.0.1 - - [19/Dec/2025 23:02:30] "GET /socket.io/?EIO=4&transport=polling&t=PitMIyC&sid=DAds5_v8upYQ-97QAAAE HTTP/1.1" 200 -
2025-12-19 23:02:34,695 - werkzeug - INFO - 127.0.0.1 - - [19/Dec/2025 23:02:34] "GET /stream HTTP/1.1" 200 -
2025-12-19 23:02:55,860 - werkzeug - INFO - 100.93.7.42 - - [19/Dec/2025 23:02:55] "POST /api/device/heartbeat HTTP/1.1" 200 -
2025-12-19 23:02:59,968 - werkzeug - INFO - 127.0.0.1 - - [19/Dec/2025 23:02:59] "GET /api/get-latest-location HTTP/1.1" 200 -
2025-12-19 23:03:04,699 - werkzeug - INFO - 127.0.0.1 - - [19/Dec/2025 23:03:04] "GET /stream?t=1766160179660 HTTP/1.1" 200 -
2025-12-19 23:03:27,497 - werkzeug - INFO - 100.93.7.42 - - [19/Dec/2025 23:03:27] "POST /api/device/heartbeat HTTP/1.1" 200 -
2025-12-19 23:03:30,604 - werkzeug - INFO - 127.0.0.1 - - [19/Dec/2025 23:03:30] "GET /api/get-latest-location HTTP/1.1" 200 -
2025-12-19 23:03:34,703 - werkzeug - INFO - 127.0.0.1 - - [19/Dec/2025 23:03:34] "GET /stream?t=1766160210298 HTTP/1.1" 200 -
2025-12-19 23:03:54,543 - werkzeug - INFO - 100.93.7.42 - - [19/Dec/2025 23:03:54] "POST /api/sos HTTP/1.1" 200 -
2025-12-19 23:03:55,590 - werkzeug - INFO - 127.0.0.1 - - [19/Dec/2025 23:03:55] "GET /socket.io/?EIO=4&transport=websocket&sid=DAds5_v8upYQ-97QAAAE HTTP/1.1" 200 -
2025-12-19 23:03:55,920 - werkzeug - INFO - 127.0.0.1 - - [19/Dec/2025 23:03:55] "GET /warning HTTP/1.1" 200 -
2025-12-19 23:03:56,270 - werkzeug - INFO - 127.0.0.1 - - [19/Dec/2025 23:03:56] "GET /socket.io/?EIO=4&transport=polling&t=PitMdsj HTTP/1.1" 200 -
2025-12-19 23:03:56,594 - werkzeug - INFO - 127.0.0.1 - - [19/Dec/2025 23:03:56] "POST /socket.io/?EIO=4&transport=polling&t=PitMdy0&sid=9bSD9ISZKPz5s0b5AAAG HTTP/1.1" 200 -
2025-12-19 23:03:56,605 - werkzeug - INFO - 127.0.0.1 - - [19/Dec/2025 23:03:56] "GET /socket.io/?EIO=4&transport=polling&t=PitMdy1&sid=9bSD9ISZKPz5s0b5AAAG HTTP/1.1" 200 -
2025-12-19 23:03:56,917 - werkzeug - INFO - 127.0.0.1 - - [19/Dec/2025 23:03:56] "GET /socket.io/?EIO=4&transport=polling&t=PitMe11&sid=9bSD9ISZKPz5s0b5AAAG HTTP/1.1" 200 -
2025-12-19 23:03:57,878 - werkzeug - INFO - 127.0.0.1 - - [19/Dec/2025 23:03:57] "GET /socket.io/?EIO=4&transport=websocket&sid=9bSD9ISZKPz5s0b5AAAG HTTP/1.1" 200 -
2025-12-19 23:03:58,185 - werkzeug - INFO - 127.0.0.1 - - [19/Dec/2025 23:03:58] "GET /warning HTTP/1.1" 200 -
2025-12-19 23:03:58,525 - werkzeug - INFO - 127.0.0.1 - - [19/Dec/2025 23:03:58] "GET /warning HTTP/1.1" 200 -
2025-12-19 23:03:58,559 - werkzeug - INFO - 127.0.0.1 - - [19/Dec/2025 23:03:58] "GET /socket.io/?EIO=4&transport=polling&t=PitMeVM HTTP/1.1" 200 -
2025-12-19 23:03:58,858 - werkzeug - INFO - 127.0.0.1 - - [19/Dec/2025 23:03:58] "GET /warning HTTP/1.1" 200 -
2025-12-19 23:03:58,889 - werkzeug - INFO - 127.0.0.1 - - [19/Dec/2025 23:03:58] "GET /socket.io/?EIO=4&transport=polling&t=PitMeaa HTTP/1.1" 200 -
2025-12-19 23:03:58,899 - werkzeug - INFO - 127.0.0.1 - - [19/Dec/2025 23:03:58] "POST /socket.io/?EIO=4&transport=polling&t=PitMean&sid=Pstpvp4N6Fnwb05cAAAJ HTTP/1.1" 200 -
2025-12-19 23:03:58,928 - werkzeug - INFO - 127.0.0.1 - - [19/Dec/2025 23:03:58] "GET /socket.io/?EIO=4&transport=polling&t=PitMeao&sid=Pstpvp4N6Fnwb05cAAAJ HTTP/1.1" 200 -
2025-12-19 23:03:59,136 - werkzeug - INFO - 100.93.7.42 - - [19/Dec/2025 23:03:59] "POST /api/device/heartbeat HTTP/1.1" 200 -
2025-12-19 23:03:59,225 - werkzeug - INFO - 127.0.0.1 - - [19/Dec/2025 23:03:59] "GET /socket.io/?EIO=4&transport=polling&t=PitMeba&sid=Pstpvp4N6Fnwb05cAAAJ HTTP/1.1" 200 -
2025-12-19 23:04:02,413 - werkzeug - INFO - 127.0.0.1 - - [19/Dec/2025 23:04:02] "GET /socket.io/?EIO=4&transport=websocket&sid=Pstpvp4N6Fnwb05cAAAJ HTTP/1.1" 200 -
2025-12-19 23:04:02,427 - werkzeug - INFO - 127.0.0.1 - - [19/Dec/2025 23:04:02] "GET /dashboard HTTP/1.1" 200 -
2025-12-19 23:04:02,750 - werkzeug - INFO - 127.0.0.1 - - [19/Dec/2025 23:04:02] "GET /socket.io/?EIO=4&transport=polling&t=PitMfSN HTTP/1.1" 200 -
2025-12-19 23:04:02,772 - werkzeug - INFO - 127.0.0.1 - - [19/Dec/2025 23:04:02] "GET /api/get-latest-location HTTP/1.1" 200 -
2025-12-19 23:04:02,774 - werkzeug - INFO - 127.0.0.1 - - [19/Dec/2025 23:04:02] "POST /socket.io/?EIO=4&transport=polling&t=PitMfX1&sid=2oGmuQ1VxyWfFw_SAAAL HTTP/1.1" 200 -
2025-12-19 23:04:03,008 - werkzeug - INFO - 127.0.0.1 - - [19/Dec/2025 23:04:03] "GET /socket.io/?EIO=4&transport=polling&t=PitMfX2&sid=2oGmuQ1VxyWfFw_SAAAL HTTP/1.1" 200 -
2025-12-19 23:04:03,072 - werkzeug - INFO - 127.0.0.1 - - [19/Dec/2025 23:04:03] "GET /socket.io/?EIO=4&transport=polling&t=PitMfb4&sid=2oGmuQ1VxyWfFw_SAAAL HTTP/1.1" 200 -
2025-12-19 23:04:07,684 - werkzeug - INFO - 127.0.0.1 - - [19/Dec/2025 23:04:07] "GET /stream HTTP/1.1" 200 -
2025-12-19 23:04:30,777 - werkzeug - INFO - 100.93.7.42 - - [19/Dec/2025 23:04:30] "POST /api/device/heartbeat HTTP/1.1" 200 -
2025-12-19 23:04:33,600 - werkzeug - INFO - 127.0.0.1 - - [19/Dec/2025 23:04:33] "GET /api/get-latest-location HTTP/1.1" 200 -
2025-12-19 23:04:34,805 - werkzeug - INFO -  * Detected change in 'd:\\KHOA_LUAN_TOT_NGHIEP\\VISION-MATE\\VISION-MATE\\rtsp_stream.py', reloading
2025-12-19 23:04:35,482 - werkzeug - INFO -  * Restarting with stat
2025-12-19 23:04:40,120 - tensorflow - WARNING - From D:\KHOA_LUAN_TOT_NGHIEP\VISION-MATE\VISION-MATE\venv\Lib\site-packages\tf_keras\src\losses.py:2976: The name tf.losses.sparse_softmax_cross_entropy is deprecated. Please use tf.compat.v1.losses.sparse_softmax_cross_entropy instead.

2025-12-19 23:04:43,473 - werkzeug - WARNING -  * Debugger is active!
2025-12-19 23:04:43,481 - werkzeug - INFO -  * Debugger PIN: 199-301-431
2025-12-19 23:04:43,648 - werkzeug - INFO - 127.0.0.1 - - [19/Dec/2025 23:04:43] "GET /socket.io/?EIO=4&transport=polling&t=PitMnyl HTTP/1.1" 200 -
2025-12-19 23:04:43,968 - werkzeug - INFO - 127.0.0.1 - - [19/Dec/2025 23:04:43] "POST /socket.io/?EIO=4&transport=polling&t=PitMpW2&sid=WKtC6TN1YV_uaJS4AAAA HTTP/1.1" 200 -
2025-12-19 23:04:43,976 - werkzeug - INFO - 127.0.0.1 - - [19/Dec/2025 23:04:43] "GET /socket.io/?EIO=4&transport=polling&t=PitMpW3&sid=WKtC6TN1YV_uaJS4AAAA HTTP/1.1" 200 -
2025-12-19 23:04:48,721 - werkzeug - INFO - 127.0.0.1 - - [19/Dec/2025 23:04:48] "GET /stream?t=1766160273285 HTTP/1.1" 200 -
2025-12-19 23:04:52,508 - werkzeug - INFO - 127.0.0.1 - - [19/Dec/2025 23:04:52] "GET /socket.io/?EIO=4&transport=websocket&sid=WKtC6TN1YV_uaJS4AAAA HTTP/1.1" 200 -
2025-12-19 23:04:52,848 - werkzeug - INFO - 127.0.0.1 - - [19/Dec/2025 23:04:52] "GET /history HTTP/1.1" 200 -
2025-12-19 23:04:53,233 - werkzeug - INFO - 127.0.0.1 - - [19/Dec/2025 23:04:53] "GET /api/history/full HTTP/1.1" 200 -
2025-12-19 23:04:55,644 - werkzeug - INFO - 127.0.0.1 - - [19/Dec/2025 23:04:55] "GET /api/history/full HTTP/1.1" 200 -
2025-12-19 23:04:57,793 - werkzeug - INFO - 127.0.0.1 - - [19/Dec/2025 23:04:57] "POST /api/history/clear HTTP/1.1" 200 -
2025-12-19 23:04:58,820 - werkzeug - INFO - 127.0.0.1 - - [19/Dec/2025 23:04:58] "GET /api/history/full HTTP/1.1" 200 -
2025-12-19 23:04:59,295 - werkzeug - INFO - 127.0.0.1 - - [19/Dec/2025 23:04:59] "GET /warning HTTP/1.1" 200 -
2025-12-19 23:04:59,510 - werkzeug - INFO - 127.0.0.1 - - [19/Dec/2025 23:04:59] "GET /socket.io/?EIO=4&transport=polling&t=PitMtKn HTTP/1.1" 200 -
2025-12-19 23:04:59,627 - werkzeug - INFO - 127.0.0.1 - - [19/Dec/2025 23:04:59] "POST /socket.io/?EIO=4&transport=polling&t=PitMtNw&sid=EwkyUzZ_cRXCYVUQAAAC HTTP/1.1" 200 -
2025-12-19 23:04:59,827 - werkzeug - INFO - 127.0.0.1 - - [19/Dec/2025 23:04:59] "GET /socket.io/?EIO=4&transport=polling&t=PitMtNx&sid=EwkyUzZ_cRXCYVUQAAAC HTTP/1.1" 200 -
2025-12-19 23:04:59,832 - werkzeug - INFO - 127.0.0.1 - - [19/Dec/2025 23:04:59] "GET /socket.io/?EIO=4&transport=polling&t=PitMtSu&sid=EwkyUzZ_cRXCYVUQAAAC HTTP/1.1" 200 -
2025-12-19 23:05:00,805 - werkzeug - INFO - 127.0.0.1 - - [19/Dec/2025 23:05:00] "GET /socket.io/?EIO=4&transport=websocket&sid=EwkyUzZ_cRXCYVUQAAAC HTTP/1.1" 200 -
2025-12-19 23:05:01,132 - werkzeug - INFO - 127.0.0.1 - - [19/Dec/2025 23:05:01] "GET /manage HTTP/1.1" 200 -
2025-12-19 23:05:01,472 - werkzeug - INFO - 127.0.0.1 - - [19/Dec/2025 23:05:01] "[36mGET /uploads/face_crop_1766143824413.jpg HTTP/1.1[0m" 304 -
2025-12-19 23:05:01,582 - werkzeug - INFO - 127.0.0.1 - - [19/Dec/2025 23:05:01] "[36mGET /uploads/z7270244758076_7fdeaab07df2cbf38cd0b92bb1738955.jpg HTTP/1.1[0m" 304 -
2025-12-19 23:05:01,582 - werkzeug - INFO - 127.0.0.1 - - [19/Dec/2025 23:05:01] "[36mGET /uploads/WIN_20251210_23_53_15_Pro.jpg HTTP/1.1[0m" 304 -
2025-12-19 23:05:01,692 - werkzeug - INFO - 127.0.0.1 - - [19/Dec/2025 23:05:01] "GET /history HTTP/1.1" 200 -
2025-12-19 23:05:02,032 - werkzeug - INFO - 127.0.0.1 - - [19/Dec/2025 23:05:02] "GET /api/history/full HTTP/1.1" 200 -
2025-12-19 23:05:02,442 - werkzeug - INFO - 100.93.7.42 - - [19/Dec/2025 23:05:02] "POST /api/device/heartbeat HTTP/1.1" 200 -
2025-12-19 23:05:05,343 - werkzeug - INFO - 127.0.0.1 - - [19/Dec/2025 23:05:05] "GET /manage HTTP/1.1" 200 -
2025-12-19 23:05:05,667 - werkzeug - INFO - 127.0.0.1 - - [19/Dec/2025 23:05:05] "[36mGET /uploads/face_crop_1766143824413.jpg HTTP/1.1[0m" 304 -
2025-12-19 23:05:05,668 - werkzeug - INFO - 127.0.0.1 - - [19/Dec/2025 23:05:05] "[36mGET /uploads/z7270244758076_7fdeaab07df2cbf38cd0b92bb1738955.jpg HTTP/1.1[0m" 304 -
2025-12-19 23:05:05,670 - werkzeug - INFO - 127.0.0.1 - - [19/Dec/2025 23:05:05] "[36mGET /uploads/WIN_20251210_23_53_15_Pro.jpg HTTP/1.1[0m" 304 -
2025-12-19 23:05:07,982 - werkzeug - INFO - 127.0.0.1 - - [19/Dec/2025 23:05:07] "[35m[1mPOST /manage/delete/11 HTTP/1.1[0m" 500 -
2025-12-19 23:05:11,701 - werkzeug - INFO - 127.0.0.1 - - [19/Dec/2025 23:05:11] "[35m[1mPOST /manage/delete/11 HTTP/1.1[0m" 500 -
2025-12-19 23:05:15,146 - werkzeug - INFO - 127.0.0.1 - - [19/Dec/2025 23:05:15] "[35m[1mPOST /manage/delete/11 HTTP/1.1[0m" 500 -
2025-12-19 23:05:19,540 - werkzeug - INFO - 127.0.0.1 - - [19/Dec/2025 23:05:19] "[35m[1mPOST /manage/delete/11 HTTP/1.1[0m" 500 -
2025-12-19 23:05:23,117 - werkzeug - INFO - 127.0.0.1 - - [19/Dec/2025 23:05:23] "[35m[1mPOST /manage/delete/11 HTTP/1.1[0m" 500 -
2025-12-19 23:05:34,090 - werkzeug - INFO - 100.93.7.42 - - [19/Dec/2025 23:05:34] "POST /api/device/heartbeat HTTP/1.1" 200 -
2025-12-19 23:06:05,746 - werkzeug - INFO - 100.93.7.42 - - [19/Dec/2025 23:06:05] "POST /api/device/heartbeat HTTP/1.1" 200 -
2025-12-19 23:06:37,393 - werkzeug - INFO - 100.93.7.42 - - [19/Dec/2025 23:06:37] "POST /api/device/heartbeat HTTP/1.1" 200 -
2025-12-19 23:07:09,038 - werkzeug - INFO - 100.93.7.42 - - [19/Dec/2025 23:07:09] "POST /api/device/heartbeat HTTP/1.1" 200 -
2025-12-19 23:07:40,682 - werkzeug - INFO - 100.93.7.42 - - [19/Dec/2025 23:07:40] "POST /api/device/heartbeat HTTP/1.1" 200 -
2025-12-19 23:08:12,324 - werkzeug - INFO - 100.93.7.42 - - [19/Dec/2025 23:08:12] "POST /api/device/heartbeat HTTP/1.1" 200 -
2025-12-19 23:08:43,970 - werkzeug - INFO - 100.93.7.42 - - [19/Dec/2025 23:08:43] "POST /api/device/heartbeat HTTP/1.1" 200 -
2025-12-19 23:09:15,613 - werkzeug - INFO - 100.93.7.42 - - [19/Dec/2025 23:09:15] "POST /api/device/heartbeat HTTP/1.1" 200 -
2025-12-19 23:09:47,252 - werkzeug - INFO - 100.93.7.42 - - [19/Dec/2025 23:09:47] "POST /api/device/heartbeat HTTP/1.1" 200 -
2025-12-19 23:10:18,903 - werkzeug - INFO - 100.93.7.42 - - [19/Dec/2025 23:10:18] "POST /api/device/heartbeat HTTP/1.1" 200 -
2025-12-19 23:10:50,544 - werkzeug - INFO - 100.93.7.42 - - [19/Dec/2025 23:10:50] "POST /api/device/heartbeat HTTP/1.1" 200 -
2025-12-19 23:11:22,208 - werkzeug - INFO - 100.93.7.42 - - [19/Dec/2025 23:11:22] "POST /api/device/heartbeat HTTP/1.1" 200 -
2025-12-19 23:11:53,849 - werkzeug - INFO - 100.93.7.42 - - [19/Dec/2025 23:11:53] "POST /api/device/heartbeat HTTP/1.1" 200 -
2025-12-19 23:12:25,496 - werkzeug - INFO - 100.93.7.42 - - [19/Dec/2025 23:12:25] "POST /api/device/heartbeat HTTP/1.1" 200 -
2025-12-19 23:12:57,144 - werkzeug - INFO - 100.93.7.42 - - [19/Dec/2025 23:12:57] "POST /api/device/heartbeat HTTP/1.1" 200 -
2025-12-19 23:13:28,794 - werkzeug - INFO - 100.93.7.42 - - [19/Dec/2025 23:13:28] "POST /api/device/heartbeat HTTP/1.1" 200 -
2025-12-19 23:14:00,436 - werkzeug - INFO - 100.93.7.42 - - [19/Dec/2025 23:14:00] "POST /api/device/heartbeat HTTP/1.1" 200 -
2025-12-19 23:14:32,084 - werkzeug - INFO - 100.93.7.42 - - [19/Dec/2025 23:14:32] "POST /api/device/heartbeat HTTP/1.1" 200 -
2025-12-19 23:14:35,286 - werkzeug - INFO -  * Detected change in 'd:\\KHOA_LUAN_TOT_NGHIEP\\VISION-MATE\\VISION-MATE\\Model\\face_db.py', reloading
2025-12-19 23:14:35,991 - werkzeug - INFO -  * Restarting with stat
2025-12-19 23:14:41,042 - tensorflow - WARNING - From D:\KHOA_LUAN_TOT_NGHIEP\VISION-MATE\VISION-MATE\venv\Lib\site-packages\tf_keras\src\losses.py:2976: The name tf.losses.sparse_softmax_cross_entropy is deprecated. Please use tf.compat.v1.losses.sparse_softmax_cross_entropy instead.

2025-12-19 23:14:44,578 - werkzeug - WARNING -  * Debugger is active!
2025-12-19 23:14:44,581 - werkzeug - INFO -  * Debugger PIN: 199-301-431
2025-12-19 23:14:59,916 - werkzeug - INFO - 127.0.0.1 - - [19/Dec/2025 23:14:59] "[32mPOST /device HTTP/1.1[0m" 302 -
2025-12-19 23:15:00,182 - werkzeug - INFO - 127.0.0.1 - - [19/Dec/2025 23:15:00] "GET /device HTTP/1.1" 200 -
2025-12-19 23:15:03,724 - werkzeug - INFO - 100.93.7.42 - - [19/Dec/2025 23:15:03] "POST /api/device/heartbeat HTTP/1.1" 200 -
2025-12-19 23:15:05,068 - werkzeug - INFO - 127.0.0.1 - - [19/Dec/2025 23:15:05] "[32mPOST /device/delete/3 HTTP/1.1[0m" 302 -
2025-12-19 23:15:05,383 - werkzeug - INFO - 127.0.0.1 - - [19/Dec/2025 23:15:05] "GET /device HTTP/1.1" 200 -
2025-12-19 23:15:07,432 - werkzeug - INFO - 127.0.0.1 - - [19/Dec/2025 23:15:07] "GET /profile HTTP/1.1" 200 -
2025-12-19 23:15:10,616 - werkzeug - INFO - 127.0.0.1 - - [19/Dec/2025 23:15:10] "GET /device HTTP/1.1" 200 -
2025-12-19 23:15:11,816 - werkzeug - INFO - 127.0.0.1 - - [19/Dec/2025 23:15:11] "GET /dashboard HTTP/1.1" 200 -
2025-12-19 23:15:12,145 - werkzeug - INFO - 127.0.0.1 - - [19/Dec/2025 23:15:12] "GET /socket.io/?EIO=4&transport=polling&t=PitPCtd HTTP/1.1" 200 -
2025-12-19 23:15:12,153 - werkzeug - INFO - 127.0.0.1 - - [19/Dec/2025 23:15:12] "GET /api/get-latest-location HTTP/1.1" 200 -
2025-12-19 23:15:12,157 - werkzeug - INFO - 127.0.0.1 - - [19/Dec/2025 23:15:12] "POST /socket.io/?EIO=4&transport=polling&t=PitPCyL&sid=oMCUvBF86x0xt9CZAAAA HTTP/1.1" 200 -
2025-12-19 23:15:12,398 - werkzeug - INFO - 127.0.0.1 - - [19/Dec/2025 23:15:12] "GET /socket.io/?EIO=4&transport=polling&t=PitPCyM&sid=oMCUvBF86x0xt9CZAAAA HTTP/1.1" 200 -
2025-12-19 23:15:12,473 - werkzeug - INFO - 127.0.0.1 - - [19/Dec/2025 23:15:12] "GET /socket.io/?EIO=4&transport=polling&t=PitPD0I&sid=oMCUvBF86x0xt9CZAAAA HTTP/1.1" 200 -
2025-12-19 23:15:16,714 - werkzeug - INFO - 127.0.0.1 - - [19/Dec/2025 23:15:16] "GET /stream HTTP/1.1" 200 -
2025-12-19 23:15:20,998 - werkzeug - INFO - 127.0.0.1 - - [19/Dec/2025 23:15:20] "GET /socket.io/?EIO=4&transport=websocket&sid=oMCUvBF86x0xt9CZAAAA HTTP/1.1" 200 -
2025-12-19 23:15:21,015 - werkzeug - INFO - 127.0.0.1 - - [19/Dec/2025 23:15:21] "GET /manage HTTP/1.1" 200 -
2025-12-19 23:15:21,458 - werkzeug - INFO - 127.0.0.1 - - [19/Dec/2025 23:15:21] "[36mGET /uploads/WIN_20251210_23_53_15_Pro.jpg HTTP/1.1[0m" 304 -
2025-12-19 23:15:21,460 - werkzeug - INFO - 127.0.0.1 - - [19/Dec/2025 23:15:21] "[36mGET /uploads/z7270244758076_7fdeaab07df2cbf38cd0b92bb1738955.jpg HTTP/1.1[0m" 304 -
2025-12-19 23:15:26,813 - werkzeug - INFO - 127.0.0.1 - - [19/Dec/2025 23:15:26] "[35m[1mPOST /manage/delete/10 HTTP/1.1[0m" 500 -
2025-12-19 23:15:29,223 - werkzeug - INFO - 127.0.0.1 - - [19/Dec/2025 23:15:29] "GET /manage HTTP/1.1" 200 -
2025-12-19 23:15:29,560 - werkzeug - INFO - 127.0.0.1 - - [19/Dec/2025 23:15:29] "[36mGET /uploads/WIN_20251210_23_53_15_Pro.jpg HTTP/1.1[0m" 304 -
2025-12-19 23:15:35,362 - werkzeug - INFO - 100.93.7.42 - - [19/Dec/2025 23:15:35] "POST /api/device/heartbeat HTTP/1.1" 200 -
2025-12-19 23:15:36,665 - werkzeug - INFO - 127.0.0.1 - - [19/Dec/2025 23:15:36] "GET /history HTTP/1.1" 200 -
2025-12-19 23:15:37,019 - werkzeug - INFO - 127.0.0.1 - - [19/Dec/2025 23:15:37] "GET /api/history/full HTTP/1.1" 200 -
2025-12-19 23:15:38,982 - werkzeug - INFO - 127.0.0.1 - - [19/Dec/2025 23:15:38] "GET /api/history/full HTTP/1.1" 200 -
2025-12-19 23:16:04,742 - werkzeug - INFO - 127.0.0.1 - - [19/Dec/2025 23:16:04] "GET /manage HTTP/1.1" 200 -
2025-12-19 23:16:04,996 - werkzeug - INFO - 127.0.0.1 - - [19/Dec/2025 23:16:04] "[36mGET /uploads/WIN_20251210_23_53_15_Pro.jpg HTTP/1.1[0m" 304 -
2025-12-19 23:16:07,003 - werkzeug - INFO - 100.93.7.42 - - [19/Dec/2025 23:16:07] "POST /api/device/heartbeat HTTP/1.1" 200 -
2025-12-19 23:16:16,793 - werkzeug - INFO - 127.0.0.1 - - [19/Dec/2025 23:16:16] "POST /api/file/upload HTTP/1.1" 200 -
2025-12-19 23:16:18,246 - werkzeug - INFO - 127.0.0.1 - - [19/Dec/2025 23:16:18] "POST /manage HTTP/1.1" 200 -
2025-12-19 23:16:21,839 - werkzeug - INFO - 127.0.0.1 - - [19/Dec/2025 23:16:21] "POST /manage HTTP/1.1" 200 -
2025-12-19 23:16:28,876 - werkzeug - INFO - 127.0.0.1 - - [19/Dec/2025 23:16:28] "POST /manage HTTP/1.1" 200 -
2025-12-19 23:16:38,644 - werkzeug - INFO - 127.0.0.1 - - [19/Dec/2025 23:16:38] "POST /manage HTTP/1.1" 200 -
2025-12-19 23:16:38,646 - werkzeug - INFO - 100.93.7.42 - - [19/Dec/2025 23:16:38] "POST /api/device/heartbeat HTTP/1.1" 200 -
2025-12-19 23:16:44,936 - werkzeug - INFO - 127.0.0.1 - - [19/Dec/2025 23:16:44] "GET /manage HTTP/1.1" 200 -
2025-12-19 23:16:45,196 - werkzeug - INFO - 127.0.0.1 - - [19/Dec/2025 23:16:45] "[36mGET /uploads/WIN_20251210_23_53_15_Pro.jpg HTTP/1.1[0m" 304 -
2025-12-19 23:16:58,422 - werkzeug - INFO - 127.0.0.1 - - [19/Dec/2025 23:16:58] "POST /api/file/upload HTTP/1.1" 200 -
2025-12-19 23:16:59,836 - werkzeug - INFO - 127.0.0.1 - - [19/Dec/2025 23:16:59] "POST /manage HTTP/1.1" 200 -
2025-12-19 23:17:10,287 - werkzeug - INFO - 100.93.7.42 - - [19/Dec/2025 23:17:10] "POST /api/device/heartbeat HTTP/1.1" 200 -
2025-12-19 23:17:41,926 - werkzeug - INFO - 100.93.7.42 - - [19/Dec/2025 23:17:41] "POST /api/device/heartbeat HTTP/1.1" 200 -
2025-12-19 23:18:13,570 - werkzeug - INFO - 100.93.7.42 - - [19/Dec/2025 23:18:13] "POST /api/device/heartbeat HTTP/1.1" 200 -
2025-12-19 23:18:45,222 - werkzeug - INFO - 100.93.7.42 - - [19/Dec/2025 23:18:45] "POST /api/device/heartbeat HTTP/1.1" 200 -
2025-12-19 23:19:16,859 - werkzeug - INFO - 100.93.7.42 - - [19/Dec/2025 23:19:16] "POST /api/device/heartbeat HTTP/1.1" 200 -
2025-12-19 23:19:48,502 - werkzeug - INFO - 100.93.7.42 - - [19/Dec/2025 23:19:48] "POST /api/device/heartbeat HTTP/1.1" 200 -
2025-12-19 23:20:20,142 - werkzeug - INFO - 100.93.7.42 - - [19/Dec/2025 23:20:20] "POST /api/device/heartbeat HTTP/1.1" 200 -
2025-12-19 23:20:51,781 - werkzeug - INFO - 100.93.7.42 - - [19/Dec/2025 23:20:51] "POST /api/device/heartbeat HTTP/1.1" 200 -
2025-12-19 23:21:23,420 - werkzeug - INFO - 100.93.7.42 - - [19/Dec/2025 23:21:23] "POST /api/device/heartbeat HTTP/1.1" 200 -
2025-12-19 23:21:32,252 - werkzeug - INFO - 127.0.0.1 - - [19/Dec/2025 23:21:32] "GET /manage HTTP/1.1" 200 -
2025-12-19 23:21:32,724 - werkzeug - INFO - 127.0.0.1 - - [19/Dec/2025 23:21:32] "GET /manage HTTP/1.1" 200 -
2025-12-19 23:21:32,760 - werkzeug - INFO - 127.0.0.1 - - [19/Dec/2025 23:21:32] "GET /uploads/WIN_20251210_23_53_15_Pro.jpg HTTP/1.1" 200 -
2025-12-19 23:21:45,240 - werkzeug - INFO - 127.0.0.1 - - [19/Dec/2025 23:21:45] "GET /history HTTP/1.1" 200 -
2025-12-19 23:21:45,500 - werkzeug - INFO - 127.0.0.1 - - [19/Dec/2025 23:21:45] "GET /api/history/full HTTP/1.1" 200 -
2025-12-19 23:21:55,063 - werkzeug - INFO - 100.93.7.42 - - [19/Dec/2025 23:21:55] "POST /api/device/heartbeat HTTP/1.1" 200 -
2025-12-19 23:22:19,394 - werkzeug - INFO - 127.0.0.1 - - [19/Dec/2025 23:22:19] "POST /api/history/clear HTTP/1.1" 200 -
2025-12-19 23:22:21,602 - werkzeug - INFO - 127.0.0.1 - - [19/Dec/2025 23:22:21] "GET /api/history/full HTTP/1.1" 200 -
2025-12-19 23:22:25,526 - werkzeug - INFO - 127.0.0.1 - - [19/Dec/2025 23:22:25] "GET /dashboard HTTP/1.1" 200 -
2025-12-19 23:22:25,862 - werkzeug - INFO - 127.0.0.1 - - [19/Dec/2025 23:22:25] "GET /socket.io/?EIO=4&transport=polling&t=PitQsmL HTTP/1.1" 200 -
2025-12-19 23:22:25,865 - werkzeug - INFO - 127.0.0.1 - - [19/Dec/2025 23:22:25] "GET /api/get-latest-location HTTP/1.1" 200 -
2025-12-19 23:22:26,125 - werkzeug - INFO - 127.0.0.1 - - [19/Dec/2025 23:22:26] "POST /socket.io/?EIO=4&transport=polling&t=PitQsrC&sid=Vf6fQicjNgkXmoIqAAAC HTTP/1.1" 200 -
2025-12-19 23:22:26,177 - werkzeug - INFO - 127.0.0.1 - - [19/Dec/2025 23:22:26] "GET /socket.io/?EIO=4&transport=polling&t=PitQsrD&sid=Vf6fQicjNgkXmoIqAAAC HTTP/1.1" 200 -
2025-12-19 23:22:26,184 - werkzeug - INFO - 127.0.0.1 - - [19/Dec/2025 23:22:26] "GET /socket.io/?EIO=4&transport=polling&t=PitQsw6&sid=Vf6fQicjNgkXmoIqAAAC HTTP/1.1" 200 -
2025-12-19 23:22:26,708 - werkzeug - INFO - 100.93.7.42 - - [19/Dec/2025 23:22:26] "POST /api/device/heartbeat HTTP/1.1" 200 -
2025-12-19 23:22:27,461 - werkzeug - INFO - 127.0.0.1 - - [19/Dec/2025 23:22:27] "GET /socket.io/?EIO=4&transport=websocket&sid=Vf6fQicjNgkXmoIqAAAC HTTP/1.1" 200 -
2025-12-19 23:22:27,782 - werkzeug - INFO - 127.0.0.1 - - [19/Dec/2025 23:22:27] "GET /history HTTP/1.1" 200 -
2025-12-19 23:22:28,115 - werkzeug - INFO - 127.0.0.1 - - [19/Dec/2025 23:22:28] "GET /api/history/full HTTP/1.1" 200 -
2025-12-19 23:22:30,700 - werkzeug - INFO - 127.0.0.1 - - [19/Dec/2025 23:22:30] "GET /stream HTTP/1.1" 200 -
2025-12-19 23:22:58,359 - werkzeug - INFO - 100.93.7.42 - - [19/Dec/2025 23:22:58] "POST /api/device/heartbeat HTTP/1.1" 200 -
2025-12-19 23:23:07,808 - werkzeug - INFO -  * Detected change in 'd:\\KHOA_LUAN_TOT_NGHIEP\\VISION-MATE\\VISION-MATE\\Model\\face_model.py', reloading
2025-12-19 23:23:08,421 - werkzeug - INFO -  * Restarting with stat
2025-12-19 23:23:09,188 - werkzeug - WARNING -  * Debugger is active!
2025-12-19 23:23:09,193 - werkzeug - INFO -  * Debugger PIN: 199-301-431
2025-12-19 23:23:22,302 - werkzeug - INFO - 127.0.0.1 - - [19/Dec/2025 23:23:22] "GET /dashboard HTTP/1.1" 200 -
2025-12-19 23:23:22,470 - werkzeug - INFO - 127.0.0.1 - - [19/Dec/2025 23:23:22] "GET /socket.io/?EIO=4&transport=polling&t=PitR4dO HTTP/1.1" 200 -
2025-12-19 23:23:22,636 - werkzeug - INFO - 127.0.0.1 - - [19/Dec/2025 23:23:22] "POST /socket.io/?EIO=4&transport=polling&t=PitR4fl&sid=W0Mt-22hFYg83yIyAAAA HTTP/1.1" 200 -
2025-12-19 23:23:22,637 - werkzeug - INFO - 127.0.0.1 - - [19/Dec/2025 23:23:22] "GET /api/get-latest-location HTTP/1.1" 200 -
2025-12-19 23:23:22,638 - werkzeug - INFO - 127.0.0.1 - - [19/Dec/2025 23:23:22] "GET /socket.io/?EIO=4&transport=polling&t=PitR4fl.0&sid=W0Mt-22hFYg83yIyAAAA HTTP/1.1" 200 -
2025-12-19 23:23:22,791 - werkzeug - INFO - 127.0.0.1 - - [19/Dec/2025 23:23:22] "GET /socket.io/?EIO=4&transport=polling&t=PitR4iH&sid=W0Mt-22hFYg83yIyAAAA HTTP/1.1" 200 -
2025-12-19 23:23:26,718 - werkzeug - INFO - 127.0.0.1 - - [19/Dec/2025 23:23:26] "GET /stream HTTP/1.1" 200 -
2025-12-19 23:23:29,998 - werkzeug - INFO - 100.93.7.42 - - [19/Dec/2025 23:23:29] "POST /api/device/heartbeat HTTP/1.1" 200 -
2025-12-19 23:23:52,642 - werkzeug - INFO - 127.0.0.1 - - [19/Dec/2025 23:23:52] "GET /api/get-latest-location HTTP/1.1" 200 -
2025-12-19 23:23:56,743 - werkzeug - INFO - 127.0.0.1 - - [19/Dec/2025 23:23:56] "GET /stream?t=1766161432330 HTTP/1.1" 200 -
2025-12-19 23:24:01,747 - werkzeug - INFO - 100.93.7.42 - - [19/Dec/2025 23:24:01] "POST /api/device/heartbeat HTTP/1.1" 200 -
2025-12-19 23:24:23,604 - werkzeug - INFO - 127.0.0.1 - - [19/Dec/2025 23:24:23] "GET /api/get-latest-location HTTP/1.1" 200 -
2025-12-19 23:24:27,711 - werkzeug - INFO - 127.0.0.1 - - [19/Dec/2025 23:24:27] "GET /stream?t=1766161463294 HTTP/1.1" 200 -
2025-12-19 23:24:33,385 - werkzeug - INFO - 100.93.7.42 - - [19/Dec/2025 23:24:33] "POST /api/device/heartbeat HTTP/1.1" 200 -
2025-12-19 23:24:53,600 - werkzeug - INFO - 127.0.0.1 - - [19/Dec/2025 23:24:53] "GET /api/get-latest-location HTTP/1.1" 200 -
2025-12-19 23:24:57,724 - werkzeug - INFO - 127.0.0.1 - - [19/Dec/2025 23:24:57] "GET /stream?t=1766161493290 HTTP/1.1" 200 -
2025-12-19 23:25:05,022 - werkzeug - INFO - 100.93.7.42 - - [19/Dec/2025 23:25:05] "POST /api/device/heartbeat HTTP/1.1" 200 -
2025-12-19 23:25:22,648 - werkzeug - INFO - 127.0.0.1 - - [19/Dec/2025 23:25:22] "GET /api/get-latest-location HTTP/1.1" 200 -
2025-12-19 23:25:24,457 - werkzeug - INFO - 127.0.0.1 - - [19/Dec/2025 23:25:24] "GET /socket.io/?EIO=4&transport=websocket&sid=W0Mt-22hFYg83yIyAAAA HTTP/1.1" 200 -
2025-12-19 23:25:24,775 - werkzeug - INFO - 127.0.0.1 - - [19/Dec/2025 23:25:24] "GET /warning HTTP/1.1" 200 -
2025-12-19 23:25:25,124 - werkzeug - INFO - 127.0.0.1 - - [19/Dec/2025 23:25:25] "GET /socket.io/?EIO=4&transport=polling&t=PitRYX7 HTTP/1.1" 200 -
2025-12-19 23:25:25,440 - werkzeug - INFO - 127.0.0.1 - - [19/Dec/2025 23:25:25] "POST /socket.io/?EIO=4&transport=polling&t=PitRYcA&sid=QgHPYmd7PU4EDdM8AAAC HTTP/1.1" 200 -
2025-12-19 23:25:25,441 - werkzeug - INFO - 127.0.0.1 - - [19/Dec/2025 23:25:25] "GET /socket.io/?EIO=4&transport=polling&t=PitRYcC&sid=QgHPYmd7PU4EDdM8AAAC HTTP/1.1" 200 -
2025-12-19 23:25:26,728 - werkzeug - INFO - 127.0.0.1 - - [19/Dec/2025 23:25:26] "GET /stream?t=1766161522338 HTTP/1.1" 200 -
2025-12-19 23:25:28,683 - werkzeug - INFO - 127.0.0.1 - - [19/Dec/2025 23:25:28] "GET /socket.io/?EIO=4&transport=websocket&sid=QgHPYmd7PU4EDdM8AAAC HTTP/1.1" 200 -
2025-12-19 23:25:29,036 - werkzeug - INFO - 127.0.0.1 - - [19/Dec/2025 23:25:29] "GET /location HTTP/1.1" 200 -
2025-12-19 23:25:29,258 - werkzeug - INFO - 127.0.0.1 - - [19/Dec/2025 23:25:29] "GET /socket.io/?EIO=4&transport=polling&t=PitRZZl HTTP/1.1" 200 -
2025-12-19 23:25:29,369 - werkzeug - INFO - 127.0.0.1 - - [19/Dec/2025 23:25:29] "POST /socket.io/?EIO=4&transport=polling&t=PitRZd2&sid=98C5KK1Se_GhDadUAAAE HTTP/1.1" 200 -
2025-12-19 23:25:29,586 - werkzeug - INFO - 127.0.0.1 - - [19/Dec/2025 23:25:29] "GET /socket.io/?EIO=4&transport=polling&t=PitRZd3&sid=98C5KK1Se_GhDadUAAAE HTTP/1.1" 200 -
2025-12-19 23:25:29,596 - werkzeug - INFO - 127.0.0.1 - - [19/Dec/2025 23:25:29] "GET /api/locations HTTP/1.1" 200 -
2025-12-19 23:25:29,727 - werkzeug - INFO - 127.0.0.1 - - [19/Dec/2025 23:25:29] "GET /socket.io/?EIO=4&transport=polling&t=PitRZi9&sid=98C5KK1Se_GhDadUAAAE HTTP/1.1" 200 -
2025-12-19 23:25:36,659 - werkzeug - INFO - 100.93.7.42 - - [19/Dec/2025 23:25:36] "POST /api/device/heartbeat HTTP/1.1" 200 -
2025-12-19 23:25:42,040 - werkzeug - INFO - 127.0.0.1 - - [19/Dec/2025 23:25:42] "GET /api/locations?start_date=2025-12-19&end_date=2025-12-19 HTTP/1.1" 200 -
2025-12-19 23:25:51,055 - werkzeug - INFO - 127.0.0.1 - - [19/Dec/2025 23:25:51] "GET /api/locations?start_date=2025-12-18&end_date=2025-12-18 HTTP/1.1" 200 -
2025-12-19 23:25:54,344 - werkzeug - INFO - 127.0.0.1 - - [19/Dec/2025 23:25:54] "GET /api/locations?start_date=2025-12-19&end_date=2025-12-19 HTTP/1.1" 200 -
2025-12-19 23:25:59,424 - werkzeug - INFO - 127.0.0.1 - - [19/Dec/2025 23:25:59] "GET /api/locations?start_date=2025-12-19&end_date=2025-12-19 HTTP/1.1" 200 -
2025-12-19 23:26:00,224 - werkzeug - INFO - 127.0.0.1 - - [19/Dec/2025 23:26:00] "GET /socket.io/?EIO=4&transport=websocket&sid=98C5KK1Se_GhDadUAAAE HTTP/1.1" 200 -
2025-12-19 23:26:00,250 - werkzeug - INFO - 127.0.0.1 - - [19/Dec/2025 23:26:00] "GET /warning HTTP/1.1" 200 -
2025-12-19 23:26:00,582 - werkzeug - INFO - 127.0.0.1 - - [19/Dec/2025 23:26:00] "GET /socket.io/?EIO=4&transport=polling&t=PitRhBN HTTP/1.1" 200 -
2025-12-19 23:26:00,851 - werkzeug - INFO - 127.0.0.1 - - [19/Dec/2025 23:26:00] "POST /socket.io/?EIO=4&transport=polling&t=PitRhGJ&sid=FHoMYHB_xXkZ1kOHAAAG HTTP/1.1" 200 -
2025-12-19 23:26:00,898 - werkzeug - INFO - 127.0.0.1 - - [19/Dec/2025 23:26:00] "GET /socket.io/?EIO=4&transport=polling&t=PitRhGJ.0&sid=FHoMYHB_xXkZ1kOHAAAG HTTP/1.1" 200 -
2025-12-19 23:26:01,663 - werkzeug - INFO - 127.0.0.1 - - [19/Dec/2025 23:26:01] "GET /socket.io/?EIO=4&transport=websocket&sid=FHoMYHB_xXkZ1kOHAAAG HTTP/1.1" 200 -
2025-12-19 23:26:01,682 - werkzeug - INFO - 127.0.0.1 - - [19/Dec/2025 23:26:01] "GET /device HTTP/1.1" 200 -
2025-12-19 23:26:08,294 - werkzeug - INFO - 100.93.7.42 - - [19/Dec/2025 23:26:08] "POST /api/device/heartbeat HTTP/1.1" 200 -
2025-12-19 23:26:11,649 - werkzeug - INFO - 127.0.0.1 - - [19/Dec/2025 23:26:11] "GET /profile HTTP/1.1" 200 -
2025-12-19 23:26:15,424 - werkzeug - INFO - 127.0.0.1 - - [19/Dec/2025 23:26:15] "GET /dashboard HTTP/1.1" 200 -
2025-12-19 23:26:15,749 - werkzeug - INFO - 127.0.0.1 - - [19/Dec/2025 23:26:15] "GET /socket.io/?EIO=4&transport=polling&t=PitRkuW HTTP/1.1" 200 -
2025-12-19 23:26:15,765 - werkzeug - INFO - 127.0.0.1 - - [19/Dec/2025 23:26:15] "POST /socket.io/?EIO=4&transport=polling&t=PitRkz9&sid=rByJjWARWaB7YJNYAAAI HTTP/1.1" 200 -
2025-12-19 23:26:15,767 - werkzeug - INFO - 127.0.0.1 - - [19/Dec/2025 23:26:15] "GET /api/get-latest-location HTTP/1.1" 200 -
2025-12-19 23:26:16,013 - werkzeug - INFO - 127.0.0.1 - - [19/Dec/2025 23:26:16] "GET /socket.io/?EIO=4&transport=polling&t=PitRkzA&sid=rByJjWARWaB7YJNYAAAI HTTP/1.1" 200 -
2025-12-19 23:26:16,066 - werkzeug - INFO - 127.0.0.1 - - [19/Dec/2025 23:26:16] "GET /socket.io/?EIO=4&transport=polling&t=PitRl1G&sid=rByJjWARWaB7YJNYAAAI HTTP/1.1" 200 -
2025-12-19 23:26:20,733 - werkzeug - INFO - 127.0.0.1 - - [19/Dec/2025 23:26:20] "GET /stream HTTP/1.1" 200 -
2025-12-19 23:26:39,937 - werkzeug - INFO - 100.93.7.42 - - [19/Dec/2025 23:26:39] "POST /api/device/heartbeat HTTP/1.1" 200 -
2025-12-19 23:26:45,777 - werkzeug - INFO - 127.0.0.1 - - [19/Dec/2025 23:26:45] "GET /api/get-latest-location HTTP/1.1" 200 -
2025-12-19 23:26:47,626 - werkzeug - INFO - 127.0.0.1 - - [19/Dec/2025 23:26:47] "GET /socket.io/?EIO=4&transport=websocket&sid=rByJjWARWaB7YJNYAAAI HTTP/1.1" 200 -
2025-12-19 23:26:47,960 - werkzeug - INFO - 127.0.0.1 - - [19/Dec/2025 23:26:47] "GET /manage HTTP/1.1" 200 -
2025-12-19 23:26:48,355 - werkzeug - INFO - 127.0.0.1 - - [19/Dec/2025 23:26:48] "[36mGET /uploads/WIN_20251210_23_53_15_Pro.jpg HTTP/1.1[0m" 304 -
2025-12-19 23:26:49,443 - werkzeug - INFO - 127.0.0.1 - - [19/Dec/2025 23:26:49] "GET /location HTTP/1.1" 200 -
2025-12-19 23:26:49,728 - werkzeug - INFO - 127.0.0.1 - - [19/Dec/2025 23:26:49] "GET /stream?t=1766161605460 HTTP/1.1" 200 -
2025-12-19 23:26:49,793 - werkzeug - INFO - 127.0.0.1 - - [19/Dec/2025 23:26:49] "GET /socket.io/?EIO=4&transport=polling&t=PitRtC3 HTTP/1.1" 200 -
2025-12-19 23:26:50,103 - werkzeug - INFO - 127.0.0.1 - - [19/Dec/2025 23:26:50] "POST /socket.io/?EIO=4&transport=polling&t=PitRtH5&sid=xUn0UMA2IoYYHVSHAAAK HTTP/1.1" 200 -
2025-12-19 23:26:50,106 - werkzeug - INFO - 127.0.0.1 - - [19/Dec/2025 23:26:50] "GET /api/locations HTTP/1.1" 200 -
2025-12-19 23:26:50,109 - werkzeug - INFO - 127.0.0.1 - - [19/Dec/2025 23:26:50] "GET /socket.io/?EIO=4&transport=polling&t=PitRtH6&sid=xUn0UMA2IoYYHVSHAAAK HTTP/1.1" 200 -
2025-12-19 23:26:52,794 - werkzeug - INFO - 127.0.0.1 - - [19/Dec/2025 23:26:52] "GET /socket.io/?EIO=4&transport=websocket&sid=xUn0UMA2IoYYHVSHAAAK HTTP/1.1" 200 -
2025-12-19 23:26:53,111 - werkzeug - INFO - 127.0.0.1 - - [19/Dec/2025 23:26:53] "GET /device HTTP/1.1" 200 -
2025-12-19 23:26:55,602 - werkzeug - INFO - 127.0.0.1 - - [19/Dec/2025 23:26:55] "GET /profile HTTP/1.1" 200 -
2025-12-19 23:27:02,102 - werkzeug - INFO - 127.0.0.1 - - [19/Dec/2025 23:27:02] "GET /history HTTP/1.1" 200 -
2025-12-19 23:27:02,346 - werkzeug - INFO - 127.0.0.1 - - [19/Dec/2025 23:27:02] "GET /api/history/full HTTP/1.1" 200 -
2025-12-19 23:27:04,685 - werkzeug - INFO - 127.0.0.1 - - [19/Dec/2025 23:27:04] "GET /dashboard HTTP/1.1" 200 -
2025-12-19 23:27:05,012 - werkzeug - INFO - 127.0.0.1 - - [19/Dec/2025 23:27:05] "GET /socket.io/?EIO=4&transport=polling&t=PitRww3 HTTP/1.1" 200 -
2025-12-19 23:27:05,019 - werkzeug - INFO - 127.0.0.1 - - [19/Dec/2025 23:27:05] "GET /api/get-latest-location HTTP/1.1" 200 -
2025-12-19 23:27:05,023 - werkzeug - INFO - 127.0.0.1 - - [19/Dec/2025 23:27:05] "POST /socket.io/?EIO=4&transport=polling&t=PitRw-v&sid=rWH5JUXMl_AbJQbSAAAM HTTP/1.1" 200 -
2025-12-19 23:27:05,274 - werkzeug - INFO - 127.0.0.1 - - [19/Dec/2025 23:27:05] "GET /socket.io/?EIO=4&transport=polling&t=PitRw-w&sid=rWH5JUXMl_AbJQbSAAAM HTTP/1.1" 200 -
2025-12-19 23:27:05,327 - werkzeug - INFO - 127.0.0.1 - - [19/Dec/2025 23:27:05] "GET /socket.io/?EIO=4&transport=polling&t=PitRx2-&sid=rWH5JUXMl_AbJQbSAAAM HTTP/1.1" 200 -
2025-12-19 23:27:09,726 - werkzeug - INFO - 127.0.0.1 - - [19/Dec/2025 23:27:09] "GET /stream HTTP/1.1" 200 -
2025-12-19 23:27:11,591 - werkzeug - INFO - 100.93.7.42 - - [19/Dec/2025 23:27:11] "POST /api/device/heartbeat HTTP/1.1" 200 -
2025-12-19 23:27:15,082 - werkzeug - INFO - 127.0.0.1 - - [19/Dec/2025 23:27:15] "GET /socket.io/?EIO=4&transport=websocket&sid=rWH5JUXMl_AbJQbSAAAM HTTP/1.1" 200 -
2025-12-19 23:27:15,089 - werkzeug - INFO - 127.0.0.1 - - [19/Dec/2025 23:27:15] "GET /dashboard HTTP/1.1" 200 -
2025-12-19 23:27:15,424 - werkzeug - INFO - 127.0.0.1 - - [19/Dec/2025 23:27:15] "GET /socket.io/?EIO=4&transport=polling&t=PitRzSj HTTP/1.1" 200 -
2025-12-19 23:27:15,429 - werkzeug - INFO - 127.0.0.1 - - [19/Dec/2025 23:27:15] "GET /api/get-latest-location HTTP/1.1" 200 -
2025-12-19 23:27:15,691 - werkzeug - INFO - 127.0.0.1 - - [19/Dec/2025 23:27:15] "POST /socket.io/?EIO=4&transport=polling&t=PitRzXc&sid=7ZBVBUPLUIknCuTiAAAO HTTP/1.1" 200 -
2025-12-19 23:27:15,740 - werkzeug - INFO - 127.0.0.1 - - [19/Dec/2025 23:27:15] "GET /socket.io/?EIO=4&transport=polling&t=PitRzXc.0&sid=7ZBVBUPLUIknCuTiAAAO HTTP/1.1" 200 -
2025-12-19 23:27:15,744 - werkzeug - INFO - 127.0.0.1 - - [19/Dec/2025 23:27:15] "GET /socket.io/?EIO=4&transport=polling&t=PitRzcW&sid=7ZBVBUPLUIknCuTiAAAO HTTP/1.1" 200 -
2025-12-19 23:27:19,713 - werkzeug - INFO - 127.0.0.1 - - [19/Dec/2025 23:27:19] "GET /stream HTTP/1.1" 200 -
2025-12-19 23:27:43,225 - werkzeug - INFO - 100.93.7.42 - - [19/Dec/2025 23:27:43] "POST /api/device/heartbeat HTTP/1.1" 200 -
2025-12-19 23:27:45,606 - werkzeug - INFO - 127.0.0.1 - - [19/Dec/2025 23:27:45] "GET /api/get-latest-location HTTP/1.1" 200 -
2025-12-19 23:27:49,742 - werkzeug - INFO - 127.0.0.1 - - [19/Dec/2025 23:27:49] "GET /stream?t=1766161665286 HTTP/1.1" 200 -
2025-12-19 23:28:00,484 - werkzeug - INFO - 127.0.0.1 - - [19/Dec/2025 23:28:00] "GET /socket.io/?EIO=4&transport=websocket&sid=7ZBVBUPLUIknCuTiAAAO HTTP/1.1" 200 -
2025-12-19 23:28:00,903 - werkzeug - INFO - 127.0.0.1 - - [19/Dec/2025 23:28:00] "GET /manage HTTP/1.1" 200 -
2025-12-19 23:28:01,238 - werkzeug - INFO - 127.0.0.1 - - [19/Dec/2025 23:28:01] "[36mGET /uploads/WIN_20251210_23_53_15_Pro.jpg HTTP/1.1[0m" 304 -
2025-12-19 23:28:14,866 - werkzeug - INFO - 100.93.7.42 - - [19/Dec/2025 23:28:14] "POST /api/device/heartbeat HTTP/1.1" 200 -
2025-12-19 23:28:22,799 - werkzeug - INFO - 127.0.0.1 - - [19/Dec/2025 23:28:22] "[33mPOST /api/check_face HTTP/1.1[0m" 404 -
2025-12-19 23:28:35,419 - werkzeug - INFO - 127.0.0.1 - - [19/Dec/2025 23:28:35] "[33mPOST /api/check_face HTTP/1.1[0m" 404 -
2025-12-19 23:28:36,882 - werkzeug - INFO - 127.0.0.1 - - [19/Dec/2025 23:28:36] "[33mPOST /api/check_face HTTP/1.1[0m" 404 -
2025-12-19 23:28:37,182 - werkzeug - INFO - 127.0.0.1 - - [19/Dec/2025 23:28:37] "[33mPOST /api/check_face HTTP/1.1[0m" 404 -
2025-12-19 23:28:38,246 - werkzeug - INFO - 127.0.0.1 - - [19/Dec/2025 23:28:38] "[33mPOST /api/check_face HTTP/1.1[0m" 404 -
2025-12-19 23:28:39,215 - werkzeug - INFO - 127.0.0.1 - - [19/Dec/2025 23:28:39] "[33mPOST /api/check_face HTTP/1.1[0m" 404 -
2025-12-19 23:28:39,715 - werkzeug - INFO - 127.0.0.1 - - [19/Dec/2025 23:28:39] "[33mPOST /api/check_face HTTP/1.1[0m" 404 -
2025-12-19 23:28:39,984 - werkzeug - INFO - 127.0.0.1 - - [19/Dec/2025 23:28:39] "[33mPOST /api/check_face HTTP/1.1[0m" 404 -
2025-12-19 23:28:40,096 - werkzeug - INFO - 127.0.0.1 - - [19/Dec/2025 23:28:40] "[33mPOST /api/check_face HTTP/1.1[0m" 404 -
2025-12-19 23:28:40,596 - werkzeug - INFO - 127.0.0.1 - - [19/Dec/2025 23:28:40] "[33mPOST /api/check_face HTTP/1.1[0m" 404 -
2025-12-19 23:28:40,862 - werkzeug - INFO - 127.0.0.1 - - [19/Dec/2025 23:28:40] "[33mPOST /api/check_face HTTP/1.1[0m" 404 -
2025-12-19 23:28:41,007 - werkzeug - INFO - 127.0.0.1 - - [19/Dec/2025 23:28:41] "[33mPOST /api/check_face HTTP/1.1[0m" 404 -
2025-12-19 23:28:41,496 - werkzeug - INFO - 127.0.0.1 - - [19/Dec/2025 23:28:41] "[33mPOST /api/check_face HTTP/1.1[0m" 404 -
2025-12-19 23:28:41,762 - werkzeug - INFO - 127.0.0.1 - - [19/Dec/2025 23:28:41] "[33mPOST /api/check_face HTTP/1.1[0m" 404 -
2025-12-19 23:28:46,505 - werkzeug - INFO - 100.93.7.42 - - [19/Dec/2025 23:28:46] "POST /api/device/heartbeat HTTP/1.1" 200 -
2025-12-19 23:28:49,347 - werkzeug - INFO - 127.0.0.1 - - [19/Dec/2025 23:28:49] "[33mPOST /api/check_face HTTP/1.1[0m" 404 -
2025-12-19 23:28:50,744 - werkzeug - INFO - 127.0.0.1 - - [19/Dec/2025 23:28:50] "[33mPOST /api/check_face HTTP/1.1[0m" 404 -
2025-12-19 23:28:51,606 - werkzeug - INFO - 127.0.0.1 - - [19/Dec/2025 23:28:51] "[33mPOST /api/check_face HTTP/1.1[0m" 404 -
2025-12-19 23:28:53,603 - werkzeug - INFO - 127.0.0.1 - - [19/Dec/2025 23:28:53] "GET /manage HTTP/1.1" 200 -
2025-12-19 23:28:53,853 - werkzeug - INFO - 127.0.0.1 - - [19/Dec/2025 23:28:53] "[36mGET /uploads/WIN_20251210_23_53_15_Pro.jpg HTTP/1.1[0m" 304 -
2025-12-19 23:29:18,148 - werkzeug - INFO - 100.93.7.42 - - [19/Dec/2025 23:29:18] "POST /api/device/heartbeat HTTP/1.1" 200 -
2025-12-19 23:29:49,806 - werkzeug - INFO - 100.93.7.42 - - [19/Dec/2025 23:29:49] "POST /api/device/heartbeat HTTP/1.1" 200 -
2025-12-19 23:30:17,683 - werkzeug - INFO - 127.0.0.1 - - [19/Dec/2025 23:30:17] "[33mPOST /api/check_face HTTP/1.1[0m" 404 -
2025-12-19 23:30:21,447 - werkzeug - INFO - 100.93.7.42 - - [19/Dec/2025 23:30:21] "POST /api/device/heartbeat HTTP/1.1" 200 -
2025-12-19 23:30:53,101 - werkzeug - INFO - 100.93.7.42 - - [19/Dec/2025 23:30:53] "POST /api/device/heartbeat HTTP/1.1" 200 -
2025-12-19 23:31:24,750 - werkzeug - INFO - 100.93.7.42 - - [19/Dec/2025 23:31:24] "POST /api/device/heartbeat HTTP/1.1" 200 -
2025-12-19 23:31:56,390 - werkzeug - INFO - 100.93.7.42 - - [19/Dec/2025 23:31:56] "POST /api/device/heartbeat HTTP/1.1" 200 -
2025-12-19 23:32:28,028 - werkzeug - INFO - 100.93.7.42 - - [19/Dec/2025 23:32:28] "POST /api/device/heartbeat HTTP/1.1" 200 -
2025-12-19 23:32:59,675 - werkzeug - INFO - 100.93.7.42 - - [19/Dec/2025 23:32:59] "POST /api/device/heartbeat HTTP/1.1" 200 -
2025-12-19 23:33:30,761 - werkzeug - INFO - 127.0.0.1 - - [19/Dec/2025 23:33:30] "GET /history HTTP/1.1" 200 -
2025-12-19 23:33:31,019 - werkzeug - INFO - 127.0.0.1 - - [19/Dec/2025 23:33:31] "GET /api/history/full HTTP/1.1" 200 -
2025-12-19 23:33:31,344 - werkzeug - INFO - 100.93.7.42 - - [19/Dec/2025 23:33:31] "POST /api/device/heartbeat HTTP/1.1" 200 -
2025-12-19 23:34:02,982 - werkzeug - INFO - 100.93.7.42 - - [19/Dec/2025 23:34:02] "POST /api/device/heartbeat HTTP/1.1" 200 -
2025-12-19 23:34:34,620 - werkzeug - INFO - 100.93.7.42 - - [19/Dec/2025 23:34:34] "POST /api/device/heartbeat HTTP/1.1" 200 -
2025-12-19 23:35:02,996 - werkzeug - INFO - 127.0.0.1 - - [19/Dec/2025 23:35:02] "GET /api/history/full HTTP/1.1" 200 -
2025-12-19 23:35:03,251 - werkzeug - INFO - 127.0.0.1 - - [19/Dec/2025 23:35:03] "GET /api/history/full HTTP/1.1" 200 -
2025-12-19 23:35:03,882 - werkzeug - INFO - 127.0.0.1 - - [19/Dec/2025 23:35:03] "GET /api/history/full HTTP/1.1" 200 -
2025-12-19 23:35:04,346 - werkzeug - INFO - 127.0.0.1 - - [19/Dec/2025 23:35:04] "GET /api/history/full HTTP/1.1" 200 -
2025-12-19 23:35:04,597 - werkzeug - INFO - 127.0.0.1 - - [19/Dec/2025 23:35:04] "GET /api/history/full HTTP/1.1" 200 -
2025-12-19 23:35:04,831 - werkzeug - INFO - 127.0.0.1 - - [19/Dec/2025 23:35:04] "GET /api/history/full HTTP/1.1" 200 -
2025-12-19 23:35:05,299 - werkzeug - INFO - 127.0.0.1 - - [19/Dec/2025 23:35:05] "GET /api/history/full HTTP/1.1" 200 -
2025-12-19 23:35:05,546 - werkzeug - INFO - 127.0.0.1 - - [19/Dec/2025 23:35:05] "GET /api/history/full HTTP/1.1" 200 -
2025-12-19 23:35:06,267 - werkzeug - INFO - 100.93.7.42 - - [19/Dec/2025 23:35:06] "POST /api/device/heartbeat HTTP/1.1" 200 -
2025-12-19 23:35:37,911 - werkzeug - INFO - 100.93.7.42 - - [19/Dec/2025 23:35:37] "POST /api/device/heartbeat HTTP/1.1" 200 -
2025-12-19 23:36:09,551 - werkzeug - INFO - 100.93.7.42 - - [19/Dec/2025 23:36:09] "POST /api/device/heartbeat HTTP/1.1" 200 -
2025-12-19 23:36:41,190 - werkzeug - INFO - 100.93.7.42 - - [19/Dec/2025 23:36:41] "POST /api/device/heartbeat HTTP/1.1" 200 -
2025-12-19 23:37:12,830 - werkzeug - INFO - 100.93.7.42 - - [19/Dec/2025 23:37:12] "POST /api/device/heartbeat HTTP/1.1" 200 -
2025-12-19 23:37:44,478 - werkzeug - INFO - 100.93.7.42 - - [19/Dec/2025 23:37:44] "POST /api/device/heartbeat HTTP/1.1" 200 -
2025-12-19 23:38:16,118 - werkzeug - INFO - 100.93.7.42 - - [19/Dec/2025 23:38:16] "POST /api/device/heartbeat HTTP/1.1" 200 -
2025-12-19 23:38:47,760 - werkzeug - INFO - 100.93.7.42 - - [19/Dec/2025 23:38:47] "POST /api/device/heartbeat HTTP/1.1" 200 -
2025-12-19 23:39:19,426 - werkzeug - INFO - 100.93.7.42 - - [19/Dec/2025 23:39:19] "POST /api/device/heartbeat HTTP/1.1" 200 -
2025-12-19 23:39:51,068 - werkzeug - INFO - 100.93.7.42 - - [19/Dec/2025 23:39:51] "POST /api/device/heartbeat HTTP/1.1" 200 -
2025-12-19 23:40:22,707 - werkzeug - INFO - 100.93.7.42 - - [19/Dec/2025 23:40:22] "POST /api/device/heartbeat HTTP/1.1" 200 -
2025-12-19 23:40:54,349 - werkzeug - INFO - 100.93.7.42 - - [19/Dec/2025 23:40:54] "POST /api/device/heartbeat HTTP/1.1" 200 -
2025-12-19 23:41:25,994 - werkzeug - INFO - 100.93.7.42 - - [19/Dec/2025 23:41:25] "POST /api/device/heartbeat HTTP/1.1" 200 -
2025-12-19 23:41:57,639 - werkzeug - INFO - 100.93.7.42 - - [19/Dec/2025 23:41:57] "POST /api/device/heartbeat HTTP/1.1" 200 -
2025-12-19 23:42:29,280 - werkzeug - INFO - 100.93.7.42 - - [19/Dec/2025 23:42:29] "POST /api/device/heartbeat HTTP/1.1" 200 -
2025-12-19 23:43:00,919 - werkzeug - INFO - 100.93.7.42 - - [19/Dec/2025 23:43:00] "POST /api/device/heartbeat HTTP/1.1" 200 -
2025-12-19 23:43:32,567 - werkzeug - INFO - 100.93.7.42 - - [19/Dec/2025 23:43:32] "POST /api/device/heartbeat HTTP/1.1" 200 -
2025-12-19 23:44:04,209 - werkzeug - INFO - 100.93.7.42 - - [19/Dec/2025 23:44:04] "POST /api/device/heartbeat HTTP/1.1" 200 -
2025-12-19 23:44:35,865 - werkzeug - INFO - 100.93.7.42 - - [19/Dec/2025 23:44:35] "POST /api/device/heartbeat HTTP/1.1" 200 -
2025-12-19 23:45:07,503 - werkzeug - INFO - 100.93.7.42 - - [19/Dec/2025 23:45:07] "POST /api/device/heartbeat HTTP/1.1" 200 -
2025-12-19 23:45:39,147 - werkzeug - INFO - 100.93.7.42 - - [19/Dec/2025 23:45:39] "POST /api/device/heartbeat HTTP/1.1" 200 -
2025-12-19 23:46:10,791 - werkzeug - INFO - 100.93.7.42 - - [19/Dec/2025 23:46:10] "POST /api/device/heartbeat HTTP/1.1" 200 -
2025-12-19 23:46:42,428 - werkzeug - INFO - 100.93.7.42 - - [19/Dec/2025 23:46:42] "POST /api/device/heartbeat HTTP/1.1" 200 -
2025-12-19 23:47:14,065 - werkzeug - INFO - 100.93.7.42 - - [19/Dec/2025 23:47:14] "POST /api/device/heartbeat HTTP/1.1" 200 -
2025-12-19 23:47:45,711 - werkzeug - INFO - 100.93.7.42 - - [19/Dec/2025 23:47:45] "POST /api/device/heartbeat HTTP/1.1" 200 -
2025-12-19 23:48:17,353 - werkzeug - INFO - 100.93.7.42 - - [19/Dec/2025 23:48:17] "POST /api/device/heartbeat HTTP/1.1" 200 -
2025-12-19 23:48:42,992 - werkzeug - INFO -  * Detected change in 'd:\\KHOA_LUAN_TOT_NGHIEP\\VISION-MATE\\VISION-MATE\\app.py', reloading
2025-12-19 23:48:43,074 - werkzeug - INFO -  * Restarting with stat
2025-12-19 23:49:28,505 - werkzeug - INFO -  * Restarting with stat
2025-12-19 23:49:29,286 - werkzeug - WARNING -  * Debugger is active!
2025-12-19 23:49:29,295 - werkzeug - INFO -  * Debugger PIN: 199-301-431
2025-12-19 23:49:31,002 - werkzeug - INFO - 127.0.0.1 - - [19/Dec/2025 23:49:31] "GET /history HTTP/1.1" 200 -
2025-12-19 23:49:31,236 - werkzeug - INFO - 127.0.0.1 - - [19/Dec/2025 23:49:31] "GET /api/history/full HTTP/1.1" 200 -
2025-12-19 23:49:33,028 - werkzeug - INFO - 127.0.0.1 - - [19/Dec/2025 23:49:33] "GET /dashboard HTTP/1.1" 200 -
2025-12-19 23:49:33,352 - werkzeug - INFO - 127.0.0.1 - - [19/Dec/2025 23:49:33] "GET /socket.io/?EIO=4&transport=polling&t=PitX462 HTTP/1.1" 200 -
2025-12-19 23:49:33,364 - werkzeug - INFO - 127.0.0.1 - - [19/Dec/2025 23:49:33] "GET /api/get-latest-location HTTP/1.1" 200 -
2025-12-19 23:49:33,367 - werkzeug - INFO - 127.0.0.1 - - [19/Dec/2025 23:49:33] "POST /socket.io/?EIO=4&transport=polling&t=PitX4Aj&sid=F_J4HbFqPZvlhLADAAAA HTTP/1.1" 200 -
2025-12-19 23:49:33,620 - werkzeug - INFO - 127.0.0.1 - - [19/Dec/2025 23:49:33] "GET /socket.io/?EIO=4&transport=polling&t=PitX4Aj.0&sid=F_J4HbFqPZvlhLADAAAA HTTP/1.1" 200 -
2025-12-19 23:49:33,673 - werkzeug - INFO - 127.0.0.1 - - [19/Dec/2025 23:49:33] "GET /socket.io/?EIO=4&transport=polling&t=PitX4Es&sid=F_J4HbFqPZvlhLADAAAA HTTP/1.1" 200 -
2025-12-19 23:49:37,724 - werkzeug - INFO - 127.0.0.1 - - [19/Dec/2025 23:49:37] "GET /stream HTTP/1.1" 200 -
2025-12-19 23:49:52,341 - werkzeug - INFO - 100.93.7.42 - - [19/Dec/2025 23:49:52] "POST /api/device/heartbeat HTTP/1.1" 200 -
2025-12-19 23:50:03,617 - werkzeug - INFO - 127.0.0.1 - - [19/Dec/2025 23:50:03] "GET /api/get-latest-location HTTP/1.1" 200 -
2025-12-19 23:50:07,721 - werkzeug - INFO - 127.0.0.1 - - [19/Dec/2025 23:50:07] "GET /stream?t=1766163003298 HTTP/1.1" 200 -
2025-12-19 23:50:23,988 - werkzeug - INFO - 100.93.7.42 - - [19/Dec/2025 23:50:23] "POST /api/device/heartbeat HTTP/1.1" 200 -
2025-12-19 23:50:33,597 - werkzeug - INFO - 127.0.0.1 - - [19/Dec/2025 23:50:33] "GET /api/get-latest-location HTTP/1.1" 200 -
2025-12-19 23:50:37,746 - werkzeug - INFO - 127.0.0.1 - - [19/Dec/2025 23:50:37] "GET /stream?t=1766163033285 HTTP/1.1" 200 -
2025-12-19 23:50:55,628 - werkzeug - INFO - 100.93.7.42 - - [19/Dec/2025 23:50:55] "POST /api/device/heartbeat HTTP/1.1" 200 -
2025-12-19 23:51:03,596 - werkzeug - INFO - 127.0.0.1 - - [19/Dec/2025 23:51:03] "GET /api/get-latest-location HTTP/1.1" 200 -
2025-12-19 23:51:07,707 - werkzeug - INFO - 127.0.0.1 - - [19/Dec/2025 23:51:07] "GET /stream?t=1766163063285 HTTP/1.1" 200 -
2025-12-19 23:51:27,286 - werkzeug - INFO - 100.93.7.42 - - [19/Dec/2025 23:51:27] "POST /api/device/heartbeat HTTP/1.1" 200 -
2025-12-19 23:51:33,601 - werkzeug - INFO - 127.0.0.1 - - [19/Dec/2025 23:51:33] "GET /api/get-latest-location HTTP/1.1" 200 -
2025-12-19 23:51:37,748 - werkzeug - INFO - 127.0.0.1 - - [19/Dec/2025 23:51:37] "GET /stream?t=1766163093288 HTTP/1.1" 200 -
2025-12-19 23:51:58,937 - werkzeug - INFO - 100.93.7.42 - - [19/Dec/2025 23:51:58] "POST /api/device/heartbeat HTTP/1.1" 200 -
2025-12-19 23:52:03,615 - werkzeug - INFO - 127.0.0.1 - - [19/Dec/2025 23:52:03] "GET /api/get-latest-location HTTP/1.1" 200 -
2025-12-19 23:52:07,734 - werkzeug - INFO - 127.0.0.1 - - [19/Dec/2025 23:52:07] "GET /stream?t=1766163123299 HTTP/1.1" 200 -
2025-12-19 23:52:30,580 - werkzeug - INFO - 100.93.7.42 - - [19/Dec/2025 23:52:30] "POST /api/device/heartbeat HTTP/1.1" 200 -
2025-12-19 23:52:33,615 - werkzeug - INFO - 127.0.0.1 - - [19/Dec/2025 23:52:33] "GET /api/get-latest-location HTTP/1.1" 200 -
2025-12-19 23:52:37,744 - werkzeug - INFO - 127.0.0.1 - - [19/Dec/2025 23:52:37] "GET /stream?t=1766163153298 HTTP/1.1" 200 -
2025-12-19 23:53:02,233 - werkzeug - INFO - 100.93.7.42 - - [19/Dec/2025 23:53:02] "POST /api/device/heartbeat HTTP/1.1" 200 -
2025-12-19 23:53:14,606 - werkzeug - INFO - 127.0.0.1 - - [19/Dec/2025 23:53:14] "GET /api/get-latest-location HTTP/1.1" 200 -
2025-12-19 23:53:18,719 - werkzeug - INFO - 127.0.0.1 - - [19/Dec/2025 23:53:18] "GET /stream?t=1766163194290 HTTP/1.1" 200 -
2025-12-19 23:53:33,603 - werkzeug - INFO - 127.0.0.1 - - [19/Dec/2025 23:53:33] "GET /api/get-latest-location HTTP/1.1" 200 -
2025-12-19 23:53:33,971 - werkzeug - INFO - 100.93.7.42 - - [19/Dec/2025 23:53:33] "POST /api/device/heartbeat HTTP/1.1" 200 -
2025-12-19 23:53:37,753 - werkzeug - INFO - 127.0.0.1 - - [19/Dec/2025 23:53:37] "GET /stream?t=1766163213286 HTTP/1.1" 200 -
2025-12-19 23:54:03,612 - werkzeug - INFO - 127.0.0.1 - - [19/Dec/2025 23:54:03] "GET /api/get-latest-location HTTP/1.1" 200 -
2025-12-19 23:54:05,627 - werkzeug - INFO - 100.93.7.42 - - [19/Dec/2025 23:54:05] "POST /api/device/heartbeat HTTP/1.1" 200 -
2025-12-19 23:54:07,744 - werkzeug - INFO - 127.0.0.1 - - [19/Dec/2025 23:54:07] "GET /stream?t=1766163243295 HTTP/1.1" 200 -
2025-12-19 23:54:37,267 - werkzeug - INFO - 100.93.7.42 - - [19/Dec/2025 23:54:37] "POST /api/device/heartbeat HTTP/1.1" 200 -
2025-12-19 23:55:08,906 - werkzeug - INFO - 100.93.7.42 - - [19/Dec/2025 23:55:08] "POST /api/device/heartbeat HTTP/1.1" 200 -
2025-12-19 23:55:14,611 - werkzeug - INFO - 127.0.0.1 - - [19/Dec/2025 23:55:14] "GET /api/get-latest-location HTTP/1.1" 200 -
2025-12-19 23:55:18,721 - werkzeug - INFO - 127.0.0.1 - - [19/Dec/2025 23:55:18] "GET /stream?t=1766163314297 HTTP/1.1" 200 -
2025-12-19 23:55:40,559 - werkzeug - INFO - 100.93.7.42 - - [19/Dec/2025 23:55:40] "POST /api/device/heartbeat HTTP/1.1" 200 -
2025-12-19 23:56:12,197 - werkzeug - INFO - 100.93.7.42 - - [19/Dec/2025 23:56:12] "POST /api/device/heartbeat HTTP/1.1" 200 -
2025-12-19 23:56:14,602 - werkzeug - INFO - 127.0.0.1 - - [19/Dec/2025 23:56:14] "GET /api/get-latest-location HTTP/1.1" 200 -
2025-12-19 23:56:18,723 - werkzeug - INFO - 127.0.0.1 - - [19/Dec/2025 23:56:18] "GET /stream?t=1766163374289 HTTP/1.1" 200 -
2025-12-19 23:56:43,841 - werkzeug - INFO - 100.93.7.42 - - [19/Dec/2025 23:56:43] "POST /api/device/heartbeat HTTP/1.1" 200 -
2025-12-19 23:57:14,610 - werkzeug - INFO - 127.0.0.1 - - [19/Dec/2025 23:57:14] "GET /api/get-latest-location HTTP/1.1" 200 -
2025-12-19 23:57:15,506 - werkzeug - INFO - 100.93.7.42 - - [19/Dec/2025 23:57:15] "POST /api/device/heartbeat HTTP/1.1" 200 -
2025-12-19 23:57:18,733 - werkzeug - INFO - 127.0.0.1 - - [19/Dec/2025 23:57:18] "GET /stream?t=1766163434294 HTTP/1.1" 200 -
2025-12-19 23:57:47,148 - werkzeug - INFO - 100.93.7.42 - - [19/Dec/2025 23:57:47] "POST /api/device/heartbeat HTTP/1.1" 200 -
2025-12-19 23:58:14,610 - werkzeug - INFO - 127.0.0.1 - - [19/Dec/2025 23:58:14] "GET /api/get-latest-location HTTP/1.1" 200 -
2025-12-19 23:58:18,743 - werkzeug - INFO - 127.0.0.1 - - [19/Dec/2025 23:58:18] "GET /stream?t=1766163494294 HTTP/1.1" 200 -
2025-12-19 23:58:18,790 - werkzeug - INFO - 100.93.7.42 - - [19/Dec/2025 23:58:18] "POST /api/device/heartbeat HTTP/1.1" 200 -
2025-12-19 23:58:50,433 - werkzeug - INFO - 100.93.7.42 - - [19/Dec/2025 23:58:50] "POST /api/device/heartbeat HTTP/1.1" 200 -
2025-12-19 23:59:14,607 - werkzeug - INFO - 127.0.0.1 - - [19/Dec/2025 23:59:14] "GET /api/get-latest-location HTTP/1.1" 200 -
2025-12-19 23:59:18,743 - werkzeug - INFO - 127.0.0.1 - - [19/Dec/2025 23:59:18] "GET /stream?t=1766163554292 HTTP/1.1" 200 -
2025-12-19 23:59:22,078 - werkzeug - INFO - 100.93.7.42 - - [19/Dec/2025 23:59:22] "POST /api/device/heartbeat HTTP/1.1" 200 -
2025-12-19 23:59:53,743 - werkzeug - INFO - 100.93.7.42 - - [19/Dec/2025 23:59:53] "POST /api/device/heartbeat HTTP/1.1" 200 -
2025-12-20 00:00:14,611 - werkzeug - INFO - 127.0.0.1 - - [20/Dec/2025 00:00:14] "GET /api/get-latest-location HTTP/1.1" 200 -
2025-12-20 00:00:18,748 - werkzeug - INFO - 127.0.0.1 - - [20/Dec/2025 00:00:18] "GET /stream?t=1766163614296 HTTP/1.1" 200 -
2025-12-20 00:00:25,388 - werkzeug - INFO - 100.93.7.42 - - [20/Dec/2025 00:00:25] "POST /api/device/heartbeat HTTP/1.1" 200 -
2025-12-20 00:00:57,030 - werkzeug - INFO - 100.93.7.42 - - [20/Dec/2025 00:00:57] "POST /api/device/heartbeat HTTP/1.1" 200 -
2025-12-20 00:01:14,600 - werkzeug - INFO - 127.0.0.1 - - [20/Dec/2025 00:01:14] "GET /api/get-latest-location HTTP/1.1" 200 -
2025-12-20 00:01:18,735 - werkzeug - INFO - 127.0.0.1 - - [20/Dec/2025 00:01:18] "GET /stream?t=1766163674285 HTTP/1.1" 200 -
2025-12-20 00:01:28,668 - werkzeug - INFO - 100.93.7.42 - - [20/Dec/2025 00:01:28] "POST /api/device/heartbeat HTTP/1.1" 200 -
2025-12-20 00:01:33,605 - werkzeug - INFO - 127.0.0.1 - - [20/Dec/2025 00:01:33] "GET /api/get-latest-location HTTP/1.1" 200 -
2025-12-20 00:01:37,748 - werkzeug - INFO - 127.0.0.1 - - [20/Dec/2025 00:01:37] "GET /stream?t=1766163693293 HTTP/1.1" 200 -
2025-12-20 00:01:54,341 - werkzeug - INFO -  * Detected change in 'd:\\KHOA_LUAN_TOT_NGHIEP\\VISION-MATE\\VISION-MATE\\rtsp_stream.py', reloading
2025-12-20 00:01:54,432 - werkzeug - INFO -  * Restarting with stat
2025-12-20 00:01:55,190 - werkzeug - WARNING -  * Debugger is active!
2025-12-20 00:01:55,192 - werkzeug - INFO -  * Debugger PIN: 199-301-431
2025-12-20 00:01:55,606 - werkzeug - INFO - 127.0.0.1 - - [20/Dec/2025 00:01:55] "GET /socket.io/?EIO=4&transport=polling&t=PitZvJR HTTP/1.1" 200 -
2025-12-20 00:01:55,875 - werkzeug - INFO - 127.0.0.1 - - [20/Dec/2025 00:01:55] "POST /socket.io/?EIO=4&transport=polling&t=PitZvOS&sid=JMJSu4X9LMPczzcFAAAA HTTP/1.1" 200 -
2025-12-20 00:01:55,925 - werkzeug - INFO - 127.0.0.1 - - [20/Dec/2025 00:01:55] "GET /socket.io/?EIO=4&transport=polling&t=PitZvOU&sid=JMJSu4X9LMPczzcFAAAA HTTP/1.1" 200 -
2025-12-20 00:01:55,931 - werkzeug - INFO - 127.0.0.1 - - [20/Dec/2025 00:01:55] "GET /socket.io/?EIO=4&transport=polling&t=PitZvTP&sid=JMJSu4X9LMPczzcFAAAA HTTP/1.1" 200 -
2025-12-20 00:02:00,310 - werkzeug - INFO - 100.93.7.42 - - [20/Dec/2025 00:02:00] "POST /api/device/heartbeat HTTP/1.1" 200 -
2025-12-20 00:02:03,606 - werkzeug - INFO - 127.0.0.1 - - [20/Dec/2025 00:02:03] "GET /api/get-latest-location HTTP/1.1" 200 -
2025-12-20 00:02:07,741 - werkzeug - INFO - 127.0.0.1 - - [20/Dec/2025 00:02:07] "GET /stream?t=1766163723289 HTTP/1.1" 200 -
2025-12-20 00:02:31,954 - werkzeug - INFO - 100.93.7.42 - - [20/Dec/2025 00:02:31] "POST /api/device/heartbeat HTTP/1.1" 200 -
2025-12-20 00:02:33,373 - werkzeug - INFO - 127.0.0.1 - - [20/Dec/2025 00:02:33] "GET /api/get-latest-location HTTP/1.1" 200 -
2025-12-20 00:02:37,743 - werkzeug - INFO - 127.0.0.1 - - [20/Dec/2025 00:02:37] "GET /stream?t=1766163753063 HTTP/1.1" 200 -
2025-12-20 00:03:01,066 - werkzeug - INFO - [31m[1mWARNING: This is a development server. Do not use it in a production deployment. Use a production WSGI server instead.[0m
 * Running on all addresses (0.0.0.0)
 * Running on http://127.0.0.1:5000
 * Running on http://172.20.10.3:5000
2025-12-20 00:03:01,066 - werkzeug - INFO - [33mPress CTRL+C to quit[0m
2025-12-20 00:03:01,066 - werkzeug - INFO -  * Restarting with stat
2025-12-20 00:03:01,826 - werkzeug - WARNING -  * Debugger is active!
2025-12-20 00:03:01,831 - werkzeug - INFO -  * Debugger PIN: 199-301-431
2025-12-20 00:03:02,596 - werkzeug - INFO - 127.0.0.1 - - [20/Dec/2025 00:03:02] "GET /socket.io/?EIO=4&transport=polling&t=Pita9gF HTTP/1.1" 200 -
2025-12-20 00:03:02,847 - werkzeug - INFO - 127.0.0.1 - - [20/Dec/2025 00:03:02] "POST /socket.io/?EIO=4&transport=polling&t=Pita9lC&sid=HAb-1-GwKOSywFVLAAAA HTTP/1.1" 200 -
2025-12-20 00:03:02,915 - werkzeug - INFO - 127.0.0.1 - - [20/Dec/2025 00:03:02] "GET /socket.io/?EIO=4&transport=polling&t=Pita9lE&sid=HAb-1-GwKOSywFVLAAAA HTTP/1.1" 200 -
2025-12-20 00:03:02,920 - werkzeug - INFO - 127.0.0.1 - - [20/Dec/2025 00:03:02] "GET /socket.io/?EIO=4&transport=polling&t=Pita9q8&sid=HAb-1-GwKOSywFVLAAAA HTTP/1.1" 200 -
2025-12-20 00:03:03,598 - werkzeug - INFO - 100.93.7.42 - - [20/Dec/2025 00:03:03] "POST /api/device/heartbeat HTTP/1.1" 200 -
2025-12-20 00:03:03,611 - werkzeug - INFO - 127.0.0.1 - - [20/Dec/2025 00:03:03] "GET /api/get-latest-location HTTP/1.1" 200 -
2025-12-20 00:03:07,732 - werkzeug - INFO - 127.0.0.1 - - [20/Dec/2025 00:03:07] "GET /stream?t=1766163783296 HTTP/1.1" 200 -
2025-12-20 00:03:33,605 - werkzeug - INFO - 127.0.0.1 - - [20/Dec/2025 00:03:33] "GET /api/get-latest-location HTTP/1.1" 200 -
2025-12-20 00:03:35,235 - werkzeug - INFO - 100.93.7.42 - - [20/Dec/2025 00:03:35] "POST /api/device/heartbeat HTTP/1.1" 200 -
2025-12-20 00:03:37,752 - werkzeug - INFO - 127.0.0.1 - - [20/Dec/2025 00:03:37] "GET /stream?t=1766163813297 HTTP/1.1" 200 -
2025-12-20 00:04:03,603 - werkzeug - INFO - 127.0.0.1 - - [20/Dec/2025 00:04:03] "GET /api/get-latest-location HTTP/1.1" 200 -
2025-12-20 00:04:06,879 - werkzeug - INFO - 100.93.7.42 - - [20/Dec/2025 00:04:06] "POST /api/device/heartbeat HTTP/1.1" 200 -
2025-12-20 00:04:07,730 - werkzeug - INFO - 127.0.0.1 - - [20/Dec/2025 00:04:07] "GET /stream?t=1766163843289 HTTP/1.1" 200 -
2025-12-20 00:04:32,400 - werkzeug - INFO -  * Detected change in 'd:\\KHOA_LUAN_TOT_NGHIEP\\VISION-MATE\\VISION-MATE\\Model\\face_model.py', reloading
2025-12-20 00:04:32,479 - werkzeug - INFO -  * Restarting with stat
2025-12-20 00:04:37,816 - tensorflow - WARNING - From D:\KHOA_LUAN_TOT_NGHIEP\VISION-MATE\VISION-MATE\venv\Lib\site-packages\tf_keras\src\losses.py:2976: The name tf.losses.sparse_softmax_cross_entropy is deprecated. Please use tf.compat.v1.losses.sparse_softmax_cross_entropy instead.

2025-12-20 00:04:41,705 - werkzeug - WARNING -  * Debugger is active!
2025-12-20 00:04:41,710 - werkzeug - INFO -  * Debugger PIN: 199-301-431
2025-12-20 00:04:41,870 - werkzeug - INFO - 127.0.0.1 - - [20/Dec/2025 00:04:41] "GET /socket.io/?EIO=4&transport=polling&t=PitaW7k HTTP/1.1" 200 -
2025-12-20 00:04:41,874 - werkzeug - INFO - 127.0.0.1 - - [20/Dec/2025 00:04:41] "POST /socket.io/?EIO=4&transport=polling&t=PitaX-I&sid=x-S4WN0cQlSe8SYwAAAA HTTP/1.1" 200 -
2025-12-20 00:04:41,882 - werkzeug - INFO - 100.93.7.42 - - [20/Dec/2025 00:04:41] "POST /api/device/heartbeat HTTP/1.1" 200 -
2025-12-20 00:04:42,182 - werkzeug - INFO - 127.0.0.1 - - [20/Dec/2025 00:04:42] "GET /socket.io/?EIO=4&transport=polling&t=PitaX-J&sid=x-S4WN0cQlSe8SYwAAAA HTTP/1.1" 200 -
2025-12-20 00:04:43,172 - werkzeug - INFO -  * Detected change in 'd:\\KHOA_LUAN_TOT_NGHIEP\\VISION-MATE\\VISION-MATE\\Model\\face_model.py', reloading
2025-12-20 00:04:43,835 - werkzeug - INFO -  * Restarting with stat
2025-12-20 00:04:49,063 - tensorflow - WARNING - From D:\KHOA_LUAN_TOT_NGHIEP\VISION-MATE\VISION-MATE\venv\Lib\site-packages\tf_keras\src\losses.py:2976: The name tf.losses.sparse_softmax_cross_entropy is deprecated. Please use tf.compat.v1.losses.sparse_softmax_cross_entropy instead.

2025-12-20 00:04:54,694 - werkzeug - WARNING -  * Debugger is active!
2025-12-20 00:04:54,697 - werkzeug - INFO -  * Debugger PIN: 199-301-431
2025-12-20 00:04:54,868 - werkzeug - INFO - 127.0.0.1 - - [20/Dec/2025 00:04:54] "GET /socket.io/?EIO=4&transport=polling&t=PitaYph HTTP/1.1" 200 -
2025-12-20 00:04:54,873 - werkzeug - INFO - 127.0.0.1 - - [20/Dec/2025 00:04:54] "POST /socket.io/?EIO=4&transport=polling&t=Pitab9P&sid=-Q7UBWRCY15pXTrAAAAA HTTP/1.1" 200 -
2025-12-20 00:04:55,189 - werkzeug - INFO - 127.0.0.1 - - [20/Dec/2025 00:04:55] "GET /socket.io/?EIO=4&transport=polling&t=Pitab9Q&sid=-Q7UBWRCY15pXTrAAAAA HTTP/1.1" 200 -
2025-12-20 00:05:01,987 - werkzeug - INFO -  * Detected change in 'd:\\KHOA_LUAN_TOT_NGHIEP\\VISION-MATE\\VISION-MATE\\Model\\face_model.py', reloading
2025-12-20 00:05:02,793 - werkzeug - INFO -  * Restarting with stat
2025-12-20 00:05:09,739 - tensorflow - WARNING - From D:\KHOA_LUAN_TOT_NGHIEP\VISION-MATE\VISION-MATE\venv\Lib\site-packages\tf_keras\src\losses.py:2976: The name tf.losses.sparse_softmax_cross_entropy is deprecated. Please use tf.compat.v1.losses.sparse_softmax_cross_entropy instead.

2025-12-20 00:05:16,619 - werkzeug - WARNING -  * Debugger is active!
2025-12-20 00:05:16,626 - werkzeug - INFO -  * Debugger PIN: 199-301-431
2025-12-20 00:05:16,884 - werkzeug - INFO - 127.0.0.1 - - [20/Dec/2025 00:05:16] "GET /socket.io/?EIO=4&transport=polling&t=PitadSg HTTP/1.1" 200 -
2025-12-20 00:05:16,891 - werkzeug - INFO - 127.0.0.1 - - [20/Dec/2025 00:05:16] "GET /api/get-latest-location HTTP/1.1" 200 -
2025-12-20 00:05:16,900 - werkzeug - INFO - 100.93.7.42 - - [20/Dec/2025 00:05:16] "POST /api/device/heartbeat HTTP/1.1" 200 -
2025-12-20 00:05:17,198 - werkzeug - INFO - 127.0.0.1 - - [20/Dec/2025 00:05:17] "POST /socket.io/?EIO=4&transport=polling&t=PitagXQ&sid=BbJo368NcF3oWcrBAAAA HTTP/1.1" 200 -
2025-12-20 00:05:17,203 - werkzeug - INFO - 127.0.0.1 - - [20/Dec/2025 00:05:17] "GET /socket.io/?EIO=4&transport=polling&t=PitagXS&sid=BbJo368NcF3oWcrBAAAA HTTP/1.1" 200 -
2025-12-20 00:05:21,724 - werkzeug - INFO - 127.0.0.1 - - [20/Dec/2025 00:05:21] "GET /stream?t=1766163914293 HTTP/1.1" 200 -
2025-12-20 00:05:21,909 - werkzeug - INFO -  * Detected change in 'd:\\KHOA_LUAN_TOT_NGHIEP\\VISION-MATE\\VISION-MATE\\Model\\face_model.py', reloading
2025-12-20 00:05:22,585 - werkzeug - INFO -  * Restarting with stat
2025-12-20 00:05:28,109 - tensorflow - WARNING - From D:\KHOA_LUAN_TOT_NGHIEP\VISION-MATE\VISION-MATE\venv\Lib\site-packages\tf_keras\src\losses.py:2976: The name tf.losses.sparse_softmax_cross_entropy is deprecated. Please use tf.compat.v1.losses.sparse_softmax_cross_entropy instead.

2025-12-20 00:05:31,970 - werkzeug - WARNING -  * Debugger is active!
2025-12-20 00:05:31,970 - werkzeug - INFO -  * Debugger PIN: 199-301-431
2025-12-20 00:05:32,152 - werkzeug - INFO - 127.0.0.1 - - [20/Dec/2025 00:05:32] "GET /socket.io/?EIO=4&transport=polling&t=PitaiK- HTTP/1.1" 200 -
2025-12-20 00:05:32,157 - werkzeug - INFO - 127.0.0.1 - - [20/Dec/2025 00:05:32] "POST /socket.io/?EIO=4&transport=polling&t=PitakFx&sid=hME-9qyFdEJKgERtAAAA HTTP/1.1" 200 -
2025-12-20 00:05:32,465 - werkzeug - INFO - 127.0.0.1 - - [20/Dec/2025 00:05:32] "GET /socket.io/?EIO=4&transport=polling&t=PitakFy&sid=hME-9qyFdEJKgERtAAAA HTTP/1.1" 200 -
2025-12-20 00:05:43,960 - tensorflow - WARNING - From D:\KHOA_LUAN_TOT_NGHIEP\VISION-MATE\VISION-MATE\venv\Lib\site-packages\tf_keras\src\losses.py:2976: The name tf.losses.sparse_softmax_cross_entropy is deprecated. Please use tf.compat.v1.losses.sparse_softmax_cross_entropy instead.

2025-12-20 00:05:47,718 - werkzeug - INFO - [31m[1mWARNING: This is a development server. Do not use it in a production deployment. Use a production WSGI server instead.[0m
 * Running on all addresses (0.0.0.0)
 * Running on http://127.0.0.1:5000
 * Running on http://172.20.10.3:5000
2025-12-20 00:05:47,718 - werkzeug - INFO - [33mPress CTRL+C to quit[0m
2025-12-20 00:05:47,718 - werkzeug - INFO -  * Restarting with stat
2025-12-20 00:05:52,738 - tensorflow - WARNING - From D:\KHOA_LUAN_TOT_NGHIEP\VISION-MATE\VISION-MATE\venv\Lib\site-packages\tf_keras\src\losses.py:2976: The name tf.losses.sparse_softmax_cross_entropy is deprecated. Please use tf.compat.v1.losses.sparse_softmax_cross_entropy instead.

2025-12-20 00:05:56,492 - werkzeug - WARNING -  * Debugger is active!
2025-12-20 00:05:56,497 - werkzeug - INFO -  * Debugger PIN: 199-301-431
2025-12-20 00:05:56,677 - werkzeug - INFO - 127.0.0.1 - - [20/Dec/2025 00:05:56] "GET /socket.io/?EIO=4&transport=polling&t=PitapAb HTTP/1.1" 200 -
2025-12-20 00:05:56,688 - werkzeug - INFO - 100.93.7.42 - - [20/Dec/2025 00:05:56] "POST /api/device/heartbeat HTTP/1.1" 200 -
2025-12-20 00:05:56,991 - werkzeug - INFO - 127.0.0.1 - - [20/Dec/2025 00:05:56] "POST /socket.io/?EIO=4&transport=polling&t=PitaqF8&sid=m5jtza44quvZUL1wAAAA HTTP/1.1" 200 -
2025-12-20 00:05:56,994 - werkzeug - INFO - 127.0.0.1 - - [20/Dec/2025 00:05:56] "GET /socket.io/?EIO=4&transport=polling&t=PitaqF9&sid=m5jtza44quvZUL1wAAAA HTTP/1.1" 200 -
2025-12-20 00:06:14,609 - werkzeug - INFO - 127.0.0.1 - - [20/Dec/2025 00:06:14] "GET /api/get-latest-location HTTP/1.1" 200 -
2025-12-20 00:06:18,714 - werkzeug - INFO - 127.0.0.1 - - [20/Dec/2025 00:06:18] "GET /stream?t=1766163974286 HTTP/1.1" 200 -
2025-12-20 00:06:25,170 - werkzeug - INFO - 100.93.7.42 - - [20/Dec/2025 00:06:25] "POST /api/device/heartbeat HTTP/1.1" 200 -
2025-12-20 00:06:33,371 - werkzeug - INFO - 127.0.0.1 - - [20/Dec/2025 00:06:33] "GET /api/get-latest-location HTTP/1.1" 200 -
2025-12-20 00:06:35,596 - werkzeug - INFO - 100.93.7.42 - - [20/Dec/2025 00:06:35] "POST /api/sos HTTP/1.1" 200 -
2025-12-20 00:06:37,723 - werkzeug - INFO - 127.0.0.1 - - [20/Dec/2025 00:06:37] "GET /stream?t=1766163993068 HTTP/1.1" 200 -
2025-12-20 00:06:56,002 - werkzeug - INFO - 127.0.0.1 - - [20/Dec/2025 00:06:56] "GET /manage HTTP/1.1" 200 -
2025-12-20 00:06:56,401 - werkzeug - INFO - 127.0.0.1 - - [20/Dec/2025 00:06:56] "GET /uploads/WIN_20251210_23_53_15_Pro.jpg HTTP/1.1" 200 -
2025-12-20 00:06:56,817 - werkzeug - INFO - 100.93.7.42 - - [20/Dec/2025 00:06:56] "POST /api/device/heartbeat HTTP/1.1" 200 -
2025-12-20 00:06:58,434 - werkzeug - INFO - 127.0.0.1 - - [20/Dec/2025 00:06:58] "GET /history HTTP/1.1" 200 -
2025-12-20 00:06:58,775 - werkzeug - INFO - 127.0.0.1 - - [20/Dec/2025 00:06:58] "GET /api/history/full HTTP/1.1" 200 -
2025-12-20 00:07:03,370 - werkzeug - INFO - 127.0.0.1 - - [20/Dec/2025 00:07:03] "GET /api/get-latest-location HTTP/1.1" 200 -
2025-12-20 00:07:07,738 - werkzeug - INFO - 127.0.0.1 - - [20/Dec/2025 00:07:07] "GET /stream?t=1766164023068 HTTP/1.1" 200 -
2025-12-20 00:07:28,453 - werkzeug - INFO - 100.93.7.42 - - [20/Dec/2025 00:07:28] "POST /api/device/heartbeat HTTP/1.1" 200 -
2025-12-20 00:07:33,602 - werkzeug - INFO - 127.0.0.1 - - [20/Dec/2025 00:07:33] "GET /api/get-latest-location HTTP/1.1" 200 -
2025-12-20 00:07:37,710 - werkzeug - INFO - 127.0.0.1 - - [20/Dec/2025 00:07:37] "GET /stream?t=1766164053297 HTTP/1.1" 200 -
2025-12-20 00:07:52,063 - werkzeug - INFO - 127.0.0.1 - - [20/Dec/2025 00:07:52] "GET /socket.io/?EIO=4&transport=websocket&sid=m5jtza44quvZUL1wAAAA HTTP/1.1" 200 -
2025-12-20 00:07:52,495 - werkzeug - INFO - 127.0.0.1 - - [20/Dec/2025 00:07:52] "GET /history HTTP/1.1" 200 -
2025-12-20 00:07:52,849 - werkzeug - INFO - 127.0.0.1 - - [20/Dec/2025 00:07:52] "GET /api/history/full HTTP/1.1" 200 -
2025-12-20 00:08:00,093 - werkzeug - INFO - 100.93.7.42 - - [20/Dec/2025 00:08:00] "POST /api/device/heartbeat HTTP/1.1" 200 -
2025-12-20 00:08:00,882 - werkzeug - INFO - 127.0.0.1 - - [20/Dec/2025 00:08:00] "GET /api/history/full HTTP/1.1" 200 -
2025-12-20 00:08:09,511 - werkzeug - INFO - 127.0.0.1 - - [20/Dec/2025 00:08:09] "GET /api/history/full HTTP/1.1" 200 -
2025-12-20 00:08:31,751 - werkzeug - INFO - 100.93.7.42 - - [20/Dec/2025 00:08:31] "POST /api/device/heartbeat HTTP/1.1" 200 -
2025-12-20 00:09:03,402 - werkzeug - INFO - 100.93.7.42 - - [20/Dec/2025 00:09:03] "POST /api/device/heartbeat HTTP/1.1" 200 -
2025-12-20 00:09:35,043 - werkzeug - INFO - 100.93.7.42 - - [20/Dec/2025 00:09:35] "POST /api/device/heartbeat HTTP/1.1" 200 -
2025-12-20 00:10:06,682 - werkzeug - INFO - 100.93.7.42 - - [20/Dec/2025 00:10:06] "POST /api/device/heartbeat HTTP/1.1" 200 -
2025-12-20 00:10:38,332 - werkzeug - INFO - 100.93.7.42 - - [20/Dec/2025 00:10:38] "POST /api/device/heartbeat HTTP/1.1" 200 -
2025-12-20 00:11:09,982 - werkzeug - INFO - 100.93.7.42 - - [20/Dec/2025 00:11:09] "POST /api/device/heartbeat HTTP/1.1" 200 -
2025-12-20 00:11:41,623 - werkzeug - INFO - 100.93.7.42 - - [20/Dec/2025 00:11:41] "POST /api/device/heartbeat HTTP/1.1" 200 -
2025-12-20 00:12:13,264 - werkzeug - INFO - 100.93.7.42 - - [20/Dec/2025 00:12:13] "POST /api/device/heartbeat HTTP/1.1" 200 -
2025-12-20 00:12:44,903 - werkzeug - INFO - 100.93.7.42 - - [20/Dec/2025 00:12:44] "POST /api/device/heartbeat HTTP/1.1" 200 -
2025-12-20 00:13:16,548 - werkzeug - INFO - 100.93.7.42 - - [20/Dec/2025 00:13:16] "POST /api/device/heartbeat HTTP/1.1" 200 -
2025-12-20 00:13:38,700 - werkzeug - INFO -  * Detected change in 'd:\\KHOA_LUAN_TOT_NGHIEP\\VISION-MATE\\VISION-MATE\\app.py', reloading
2025-12-20 00:13:39,282 - werkzeug - INFO -  * Restarting with stat
